Date,Beta,Alpha
2020-01-02,1.2320073837516388,1.2320073837516388
2020-01-03,1.2637448497261032,1.2637098933544744
2020-01-06,1.2747169103511085,1.274646413411137
2020-01-07,1.2801403263077678,1.2800351464490953
2020-01-08,1.2830496119573107,1.282913651048239
2020-01-09,1.2847126906645119,1.2845505082313056
2020-01-10,1.2859059313937267,1.2857176943231108
2020-01-13,1.2865114811173743,1.286305721305009
2020-01-14,1.287122712759502,1.2868945081881793
2020-01-15,1.2876424647080211,1.2873906783220024
2020-01-16,1.2878690778140482,1.2876048275634489
2020-01-17,1.2879718445694428,1.2877008921895021
2020-01-21,1.288054041066719,1.2877768496649638
2020-01-22,1.2880344330252294,1.2877589535712182
2020-01-23,1.2879309637538157,1.287665754992706
2020-01-24,1.2878005454371821,1.2875498526931162
2020-01-27,1.287908485474787,1.287644528929509
2020-01-28,1.2878063787883531,1.2875563722342631
2020-01-29,1.287686297268058,1.2874542801995046
2020-01-30,1.2874790157203724,1.2872809066324304
2020-01-31,1.2875155985681246,1.287311072099708
2020-02-03,1.2874359986983448,1.287246577784904
2020-02-04,1.2871401655775208,1.2870114333267126
2020-02-05,1.2869273462543296,1.2868452445658025
2020-02-06,1.2866528689744734,1.286634807453947
2020-02-07,1.2864754766410964,1.2865010651507118
2020-02-10,1.2862119100121454,1.2863061710615098
2020-02-11,1.2860126489093597,1.2861614408520567
2020-02-12,1.28574560809399,1.2859712530577876
2020-02-13,1.2855099327910056,1.2858064049705076
2020-02-14,1.28524785391936,1.2856265348339093
2020-02-18,1.28502539613998,1.285476552012398
2020-02-19,1.284714954783856,1.2852714467593918
2020-02-20,1.2845032328027457,1.2851338787943636
2020-02-21,1.2844917334156494,1.2851265108905452
2020-02-24,1.2846779410713765,1.2852446692943669
2020-02-25,1.2849625969292826,1.2854233269676887
2020-02-26,1.2851676956143376,1.2855497273162375
2020-02-27,1.2855704399339116,1.2857967360323628
2020-02-28,1.2857596506022193,1.2859105469195005
2020-03-02,1.285769788382797,1.2859164628949418
2020-03-03,1.285957584174132,1.2860253033353748
2020-03-04,1.2860589299219507,1.2860824294373498
2020-03-05,1.2862057444815258,1.2861645953629925
2020-03-06,1.2864471079173818,1.2862983836128512
2020-03-09,1.2868553386186021,1.2865268959625258
2020-03-10,1.2870079128796827,1.2866092832410143
2020-03-11,1.2872775290841132,1.2867551051581536
2020-03-12,1.2878153974921505,1.2870526057969305
2020-03-13,1.2879145866073076,1.2871045944134074
2020-03-16,1.2885646988234345,1.287459807226876
2020-03-17,1.2890835293002736,1.2877327596064663
2020-03-18,1.289462852832064,1.2879323557043318
2020-03-19,1.289845117927584,1.2881306349263457
2020-03-20,1.2902715851852438,1.288352879422147
2020-03-23,1.2905340486059453,1.2884884152783986
2020-03-24,1.290457453838459,1.2884511038433866
2020-03-25,1.2904931761758416,1.288468289394473
2020-03-26,1.2903528634433064,1.2884034692526025
2020-03-27,1.2904652416636988,1.288455939062412
2020-03-30,1.2904024337060402,1.2884275046806977
2020-03-31,1.2904374513247394,1.2884433452028998
2020-04-01,1.2906209553343704,1.2885275905981823
2020-04-02,1.2907830901141537,1.288600457616811
2020-04-03,1.291000449550606,1.2886980053182633
2020-04-06,1.290840091022745,1.2886299835986073
2020-04-07,1.290781197333815,1.2886051290606422
2020-04-08,1.29069646751862,1.288570286255062
2020-04-09,1.2907256626933181,1.2885821689989734
2020-04-13,1.2906358699276324,1.2885459871989693
2020-04-14,1.290344361644506,1.2884323699601754
2020-04-15,1.2901223089778184,1.288345292465225
2020-04-16,1.2898318307087506,1.2882330311947099
2020-04-17,1.289606740848597,1.2881476071607385
2020-04-20,1.2894250971854815,1.2880783848865416
2020-04-21,1.2894675366775632,1.2880949149893721
2020-04-22,1.2892686149744037,1.2880200005212876
2020-04-23,1.2891363753641434,1.287970355346928
2020-04-24,1.2889023529036958,1.2878843209048285
2020-04-27,1.288679829529821,1.2878037093154753
2020-04-28,1.2885702275070934,1.2877638570855585
2020-04-29,1.2881954030406426,1.2876326879946844
2020-04-30,1.2878152947706833,1.2874997095860168
2020-05-01,1.287555631266072,1.2874072064825788
2020-05-04,1.2871921482482693,1.2872796954056474
2020-05-05,1.286735777807996,1.2871224247242496
2020-05-06,1.2861444580599222,1.286920830891524
2020-05-07,1.2854646807285726,1.2866936115200693
2020-05-08,1.284784592327117,1.286470088842074
2020-05-11,1.2840435043410616,1.286228878544912
2020-05-12,1.2834044416055552,1.286017498273674
2020-05-13,1.2828459819154567,1.2858304460270111
2020-05-14,1.2822723382783034,1.2856411650225246
2020-05-15,1.2816877921782233,1.285450033701813
2020-05-18,1.2811190826803878,1.2852688620041441
2020-05-19,1.2805102342080446,1.285074871678634
2020-05-20,1.2798034327454528,1.2848552333922467
2020-05-21,1.2792076654432818,1.2846681924437187
2020-05-22,1.2785925062275443,1.2844764695061195
2020-05-26,1.278111439953164,1.2843269744190635
2020-05-27,1.2777176672718182,1.284205564361837
2020-05-28,1.2773443301310292,1.284090431212314
2020-05-29,1.276870121469088,1.2839463811752068
2020-06-01,1.2764205469693106,1.2838104928691905
2020-06-02,1.2759567903902966,1.2836718666478626
2020-06-03,1.2755235979231485,1.2835438419347596
2020-06-04,1.2751962147492195,1.2834460889183053
2020-06-05,1.274832936064743,1.2833406343480935
2020-06-08,1.2745245428317455,1.2832517725451216
2020-06-09,1.2741289143250742,1.2831380876711125
2020-06-10,1.2735072597683006,1.2829625698042868
2020-06-11,1.273063938429605,1.2828283277199204
2020-06-12,1.272604833117214,1.2826915005591195
2020-06-15,1.2720974151400837,1.2825426601086785
2020-06-16,1.2715335720996566,1.2823815291237448
2020-06-17,1.2709569525720212,1.2822165695195376
2020-06-18,1.2703417505046515,1.282041755366378
2020-06-19,1.2697730897018586,1.2818787542930665
2020-06-22,1.2690667650313694,1.2816809917766836
2020-06-23,1.2683445059360627,1.2814803477631496
2020-06-24,1.2676873334731358,1.2812920830591417
2020-06-25,1.266991007312381,1.2810960236809859
2020-06-26,1.2663197949451,1.2809022191902293
2020-06-29,1.2656902854354233,1.2807229226236938
2020-06-30,1.264987329177573,1.2805274814712282
2020-07-01,1.2643466420916254,1.280349774542545
2020-07-02,1.263712698697219,1.2801751000983508
2020-07-06,1.263054896276774,1.2799976037380156
2020-07-07,1.2624363471045814,1.279828209129735
2020-07-08,1.261699525929465,1.2796310889835136
2020-07-09,1.2608916932206757,1.2794158091755552
2020-07-10,1.260234953793687,1.279239932786631
2020-07-13,1.2598004731608115,1.2791193578562483
2020-07-14,1.259360159648843,1.278999173290851
2020-07-15,1.258949213612761,1.2788878890795519
2020-07-16,1.2586746359880883,1.2788119953106005
2020-07-17,1.2583666621677765,1.2787275421231465
2020-07-20,1.257832708133643,1.2785866295303023
2020-07-21,1.2574548454730525,1.2784851724678554
2020-07-22,1.2570559328804831,1.2783791147317234
2020-07-23,1.2568570211271255,1.2783240381189298
2020-07-24,1.2567599864842773,1.278296606636732
2020-07-27,1.2565347019230058,1.278234542712818
2020-07-28,1.2564029514813606,1.278197524009257
2020-07-29,1.2561860270679845,1.2781381581185434
2020-07-30,1.2558839772461947,1.2780560592486911
2020-07-31,1.2553852142000557,1.2779253512739865
2020-08-03,1.2546876330660528,1.2777490313386657
2020-08-04,1.2540113057404878,1.2775784118527307
2020-08-05,1.253369548606772,1.2774171304393558
2020-08-06,1.252669783538143,1.2772442329250622
2020-08-07,1.2522046476038755,1.2771254962897207
2020-08-10,1.2518248074086211,1.277027685283326
2020-08-11,1.2515948554996588,1.2769664472899227
2020-08-12,1.251243902693161,1.2768762626460701
2020-08-13,1.250860214114894,1.2767777952569037
2020-08-14,1.2505201931833925,1.276689890076209
2020-08-17,1.2501203560664975,1.276587798755891
2020-08-18,1.2497200106705588,1.2764858025006085
2020-08-19,1.2493148523827826,1.2763819571480968
2020-08-20,1.248798606890333,1.2762523096549323
2020-08-21,1.2482091833450668,1.2761065692979756
2020-08-24,1.247641929104078,1.275967854923173
2020-08-25,1.247070228084444,1.2758286865410107
2020-08-26,1.2463665622692641,1.2756632722121657
2020-08-27,1.245719523283285,1.2755100921643916
2020-08-28,1.2450414015222293,1.275351691992817
2020-08-31,1.2443184148287934,1.2751828214834526
2020-09-01,1.243422973661669,1.2749822260068246
2020-09-02,1.2426171384244435,1.2748030061135691
2020-09-03,1.2422488012030752,1.2747097164640633
2020-09-04,1.2420075416609564,1.274646509651498
2020-09-08,1.2420387116980938,1.2746553998226737
2020-09-09,1.2418871772830358,1.2746146404840852
2020-09-10,1.241825500576182,1.2745973546520057
2020-09-11,1.2418644335772546,1.2746084281231427
2020-09-14,1.2417801243253026,1.2745853961473492
2020-09-15,1.241618775118635,1.2745422057511726
2020-09-16,1.241603348188553,1.2745379491164561
2020-09-17,1.2416126135565395,1.2745405506533058
2020-09-18,1.2416830330326933,1.2745608791351506
2020-09-21,1.241539104875633,1.2745200963568284
2020-09-22,1.2413016050616028,1.27445495225154
2020-09-23,1.2412074492793326,1.2744275531998883
2020-09-24,1.2411053980840778,1.2743980720758
2020-09-25,1.2408665282264084,1.2743324232101347
2020-09-28,1.240574713592436,1.2742551101810797
2020-09-29,1.2402738858888724,1.2741748341609227
2020-09-30,1.2399684124795387,1.2740944468443505
2020-10-01,1.2395879166243122,1.2739967060871327
2020-10-02,1.2394090812454275,1.2739483543861114
2020-10-05,1.2391345812369545,1.2738774884665145
2020-10-06,1.238899326235518,1.2738147968359144
2020-10-07,1.2386137945086342,1.2737415875387306
2020-10-08,1.2383725959991334,1.2736801696948603
2020-10-09,1.2380235198393228,1.27359426634607
2020-10-12,1.2375426524736335,1.2734820147072616
2020-10-13,1.2370768293773025,1.2733713886471565
2020-10-14,1.236636758623426,1.273264958168483
2020-10-15,1.2362476316411206,1.2731695931368772
2020-10-16,1.2359032977290014,1.2730842416793737
2020-10-19,1.2356115024523775,1.273009078755839
2020-10-20,1.2353529837368464,1.2729425242270163
2020-10-21,1.2351282323752155,1.2728840598275801
2020-10-22,1.235012968587257,1.2728537489680367
2020-10-23,1.2349392135276531,1.2728342970221436
2020-10-26,1.234948225175179,1.2728367950453954
2020-10-27,1.2348724832031304,1.2728160086170979
2020-10-28,1.2349464262887972,1.2728381651681073
2020-10-29,1.2349484689583181,1.2728387576392393
2020-10-30,1.2351128111950858,1.2728887203632424
2020-11-02,1.235353177196624,1.2729612564172892
2020-11-03,1.2355448890712006,1.2730167619002404
2020-11-04,1.2354844863650112,1.2730007591351022
2020-11-05,1.2352391895444794,1.2729403566999875
2020-11-06,1.23494675992912,1.2728688858753952
2020-11-09,1.234910218379758,1.2728596846784181
2020-11-10,1.2351082042478505,1.2729122512173097
2020-11-11,1.2350833371291234,1.2729060135413102
2020-11-12,1.2350601776862418,1.272900073389191
2020-11-13,1.2350744540084702,1.2729036741824717
2020-11-16,1.2350905862868171,1.2729076570018811
2020-11-17,1.2350914874504355,1.2729078819474104
2020-11-18,1.235100056994019,1.2729100847571013
2020-11-19,1.235018184348029,1.2728895563304097
2020-11-20,1.2349704141393432,1.2728772958467274
2020-11-23,1.234973929475381,1.272878198715791
2020-11-24,1.2349898067663645,1.2728821658132345
2020-11-25,1.2349360789164667,1.272868858279721
2020-11-27,1.2348227117337511,1.2728412150516597
2020-11-30,1.2345897922284808,1.272785185959555
2020-12-01,1.2343724989319556,1.2727338226489513
2020-12-02,1.2341986978216233,1.2726923895986944
2020-12-03,1.2340224085472582,1.2726502281737055
2020-12-04,1.233801821736339,1.2725988087574487
2020-12-07,1.2335420886507413,1.2725383344060763
2020-12-08,1.2332650991461975,1.2724742809359126
2020-12-09,1.233161966805169,1.272448888433358
2020-12-10,1.2330052388157653,1.2724106189421676
2020-12-11,1.2328636379333024,1.2723757410973036
2020-12-14,1.232633043728745,1.2723194001028675
2020-12-15,1.2323443248732284,1.2722517523723351
2020-12-16,1.231995218871891,1.2721711890944265
2020-12-17,1.2316041948274985,1.2720827585531103
2020-12-18,1.2312228209953409,1.2719952473309155
2020-12-21,1.230792561580516,1.2718966739336333
2020-12-22,1.2302306419597397,1.271771164489636
2020-12-23,1.2298099589305123,1.2716739470524854
2020-12-24,1.229363390045255,1.2715721423579294
2020-12-28,1.2289337218312482,1.2714755989214395
2020-12-29,1.2285822312559393,1.271394495782283
2020-12-30,1.2282412819267776,1.2713156768226006
2020-12-31,1.2279570222538398,1.2712497575539639
2021-01-04,1.2277499365165636,1.271199057330998
2021-01-05,1.227517028203698,1.27114316932157
2021-01-06,1.227547388538104,1.271150843885499
2021-01-07,1.2273867360053676,1.2711133198088227
2021-01-08,1.2272006756927474,1.2710705773346216
2021-01-11,1.2270606323750648,1.271037373950794
2021-01-12,1.2269449212241934,1.2710096917803848
2021-01-13,1.2267989030916688,1.2709751271344298
2021-01-14,1.226699282987965,1.2709509896154694
2021-01-15,1.2266586398424846,1.2709407938781911
2021-01-19,1.226548425678807,1.2709140675235844
2021-01-20,1.2263517106653699,1.2708688382830347
2021-01-21,1.2260336694277034,1.2707979046359925
2021-01-22,1.2257305848053461,1.270729200690537
2021-01-25,1.2253975853948438,1.2706548422886372
2021-01-26,1.2251018352717848,1.2705876671727294
2021-01-27,1.224821576779773,1.270519468376953
2021-01-28,1.2245701182340598,1.2704590478646138
2021-01-29,1.2244129212860386,1.270418372436506
2021-02-01,1.2241248106858855,1.2703490851322143
2021-02-02,1.223795394207271,1.2702734069482138
2021-02-03,1.2235304934814129,1.270211482280127
2021-02-04,1.2231861424453876,1.270134818372033
2021-02-05,1.2228910926559615,1.2700687191021705
2021-02-08,1.222544043363859,1.2699933699689732
2021-02-09,1.2221989713188424,1.2699179404426189
2021-02-10,1.2218851793082823,1.2698484124185092
2021-02-11,1.2214704707013788,1.269759213909558
2021-02-12,1.2210534146979009,1.2696705054788013
2021-02-16,1.2206920052310963,1.2695919262763182
2021-02-17,1.220474411538031,1.2695424887489746
2021-02-18,1.2202789115550452,1.2694971255888965
2021-02-19,1.2200587846123379,1.2694459935006224
2021-02-22,1.220062449271386,1.2694469191047622
2021-02-23,1.2201420476912115,1.269467419033518
2021-02-24,1.220164208750815,1.2694728934405999
2021-02-25,1.220390379931859,1.2695357639498337
2021-02-26,1.2204776514985873,1.2695594786612217
2021-03-01,1.2204135032478791,1.2695437314809908
2021-03-02,1.2204852607231864,1.2695624201285154
2021-03-03,1.2207455753863206,1.269636196146837
2021-03-04,1.2211700153919463,1.269765438239898
2021-03-05,1.2215695559286197,1.2698811160801238
2021-03-08,1.222199823834488,1.2700771028764755
2021-03-09,1.2225175399521837,1.2701652606675187
2021-03-10,1.222929136064576,1.2702807700015275
2021-03-11,1.2231432478665272,1.2703363944900858
2021-03-12,1.2234480318558039,1.2704174870480427
2021-03-15,1.223657674261146,1.270471132479075
2021-03-16,1.2237837619535066,1.270502882971486
2021-03-17,1.2239325871185873,1.2705403942665487
2021-03-18,1.2243102512899513,1.2706461319268652
2021-03-19,1.2246630975546426,1.2707449245428475
2021-03-22,1.2248699806503498,1.270799552305447
2021-03-23,1.225082016447024,1.270856920362057
2021-03-24,1.225414176637317,1.270951165522974
2021-03-25,1.2257848526621544,1.2710560309111814
2021-03-26,1.226023576144845,1.2711185628956974
2021-03-29,1.2263352298292074,1.2712022663627482
2021-03-30,1.2266844826576688,1.2712979642882174
2021-03-31,1.226868541966043,1.271345724816506
2021-04-01,1.2269062494072691,1.2713548520062812
2021-04-05,1.2268723572324904,1.2713471219236516
2021-04-06,1.226855240330763,1.271343169506723
2021-04-07,1.2268082500852129,1.2713324048755597
2021-04-08,1.226628052712334,1.2712931846595676
2021-04-09,1.2264259239121695,1.2712502539107509
2021-04-12,1.2262755936622995,1.2712176313977408
2021-04-13,1.2260313007620869,1.2711664049514069
2021-04-14,1.225895016496646,1.2711363113227419
2021-04-15,1.2256662246074124,1.271088698252279
2021-04-16,1.2254995241549698,1.2710534592088805
2021-04-19,1.22540518482069,1.2710325786846295
2021-04-20,1.2253648635248306,1.2710232386908178
2021-04-21,1.2252919541792646,1.2710069284920558
2021-04-22,1.225246449697209,1.270996314515272
2021-04-23,1.2251320027803028,1.2709709389330046
2021-04-26,1.2249477729157756,1.2709311057460406
2021-04-27,1.2248097678019212,1.2709006155705942
2021-04-28,1.2247675872883736,1.2708909392862382
2021-04-29,1.2248237630319978,1.2709040466830126
2021-04-30,1.2249844467164488,1.2709437925146745
2021-05-03,1.225205726257737,1.270999455703363
2021-05-04,1.2255953186720479,1.2711049502368597
2021-05-05,1.2260055537566361,1.2712170648350234
2021-05-06,1.2264073140482528,1.2713244350885946
2021-05-07,1.2267529375794288,1.2714136897467765
2021-05-10,1.2272907905629922,1.2715658893754114
2021-05-11,1.2277345821117758,1.2716915273093392
2021-05-12,1.228295215808022,1.2718660514600217
2021-05-13,1.2288190118054592,1.272022410305989
2021-05-14,1.229208343520554,1.2721295561783537
2021-05-17,1.2296463320317352,1.27225307771867
2021-05-18,1.2300614006016066,1.2723724995415828
2021-05-19,1.2303956962683376,1.2724672557548808
2021-05-20,1.230591476918521,1.2725189231531633
2021-05-21,1.230829758976016,1.2725828996909385
2021-05-24,1.2309537918004136,1.27261414012013
2021-05-25,1.2310485772516329,1.2726380247700724
2021-05-26,1.2311342134549763,1.2726594798993072
2021-05-27,1.2312707719588498,1.2726943067511005
2021-05-28,1.2313887307672635,1.2727241218791554
2021-06-01,1.231547045818043,1.2727648831914928
2021-06-02,1.2316488285264957,1.2727905537502573
2021-06-03,1.231835582981507,1.2728396797906913
2021-06-04,1.2318828588001145,1.272851258692946
2021-06-07,1.231903891714592,1.2728563960110826
2021-06-08,1.2319039039708197,1.272856398992328
2021-06-09,1.231894818366171,1.2728541778017273
2021-06-10,1.2318265266364965,1.2728380277913813
2021-06-11,1.2317042137557965,1.2728097057974155
2021-06-14,1.231478768082741,1.2727596212459196
2021-06-15,1.2313260953317662,1.2727244689541113
2021-06-16,1.2311762271129207,1.2726891770720843
2021-06-17,1.2308763531240339,1.2726219900004119
2021-06-18,1.2305545980281203,1.2725469465891908
2021-06-21,1.23027423472752,1.2724836809574875
2021-06-22,1.2299361559844222,1.2724100734537593
2021-06-23,1.2296143415913146,1.272339277916492
2021-06-24,1.2292791642921674,1.2722672545039604
2021-06-25,1.228995789565452,1.2722058201514088
2021-06-28,1.2286166621938455,1.2721269100004962
2021-06-29,1.228170998104837,1.272036358608065
2021-06-30,1.2277918666747643,1.2719573275086886
2021-07-01,1.227478823017808,1.2718915756290838
2021-07-02,1.2271074527028973,1.2718172129154521
2021-07-06,1.2266666337801702,1.2717300881806946
2021-07-07,1.2262371831993486,1.2716458287726926
2021-07-08,1.2258656202017904,1.2715685118218076
2021-07-09,1.2254983446312098,1.2714947744175322
2021-07-12,1.2251831810713831,1.271430790035632
2021-07-13,1.2248208556533606,1.2713572498781602
2021-07-14,1.2244340323192138,1.2712795856165346
2021-07-15,1.2241396516327536,1.2712171831075767
2021-07-16,1.2238934669038786,1.2711623011286943
2021-07-19,1.223657162070389,1.2711063759247951
2021-07-20,1.223377179881998,1.2710444772217737
2021-07-21,1.2230652247863112,1.270978267706749
2021-07-22,1.2227076697040673,1.2709041444972877
2021-07-23,1.2223423949773307,1.2708312998359221
2021-07-26,1.2220151192263182,1.2707654016724546
2021-07-27,1.2217878720376714,1.2707166541878243
2021-07-28,1.2215521309772566,1.270665954223547
2021-07-29,1.2213101062718654,1.2706147324586228
2021-07-30,1.2210451431305094,1.270557833799408
2021-08-02,1.2208008446490435,1.2705043599399841
2021-08-03,1.220577095935404,1.270456338730799
2021-08-04,1.2202868549912962,1.2703943253780274
2021-08-05,1.2199931251649585,1.2703329898241977
2021-08-06,1.2197466584091428,1.2702806835841731
2021-08-09,1.219532559557703,1.2702343442864243
2021-08-10,1.2194274850593507,1.2702106128171409
2021-08-11,1.2193594525243825,1.2701951050911588
2021-08-12,1.2192531696152755,1.2701713659592884
2021-08-13,1.219122146909984,1.2701425595228444
2021-08-16,1.2189992908970664,1.2701156172795451
2021-08-17,1.2189167109036934,1.270096642233529
2021-08-18,1.218883828990292,1.2700885997007934
2021-08-19,1.2187789910147682,1.2700637559121701
2021-08-20,1.2186068324685446,1.2700251470698396
2021-08-23,1.2183600563544987,1.269973155337114
2021-08-24,1.2181232488311653,1.2699232150189763
2021-08-25,1.2179154080441958,1.26987904680811
2021-08-26,1.2177286094663473,1.2698378739197214
2021-08-27,1.2174990778910137,1.2697897599093673
2021-08-30,1.217204580667741,1.2697305916215587
2021-08-31,1.2169845982272924,1.2696845147569065
2021-09-01,1.2167701040900527,1.2696393664008865
2021-09-02,1.2165840944036854,1.2696000532039973
2021-09-03,1.2163445073753687,1.2695502551198665
2021-09-07,1.2160959582828008,1.2694978717195176
2021-09-08,1.2159135805419559,1.2694579810914348
2021-09-09,1.2157340960509897,1.2694178376313023
2021-09-10,1.2156062074624028,1.269387667049397
2021-09-13,1.2155047318519656,1.269363661105526
2021-09-14,1.2153710504242632,1.2693317540420146
2021-09-15,1.215222475563459,1.2692976037499462
2021-09-16,1.2150423950785176,1.2692563742360143
2021-09-17,1.214934723536895,1.2692299879350943
2021-09-20,1.2148935962346237,1.2692189851545095
2021-09-21,1.2148428134017892,1.2692054524269618
2021-09-22,1.214717454014237,1.2691742092131757
2021-09-23,1.2145611228911954,1.2691374852056576
2021-09-24,1.2144282667297612,1.2691061885812829
2021-09-27,1.2143851196968363,1.269095509498134
2021-09-28,1.2145165322535516,1.2691329350697043
2021-09-29,1.214684824744856,1.2691811328838771
2021-09-30,1.2147930643585734,1.2692127241342774
2021-10-01,1.2148517257140423,1.2692288030523413
2021-10-04,1.2150633138229538,1.2692928745765881
2021-10-05,1.2152029088915124,1.2693324860747726
2021-10-06,1.21529886590185,1.2693588259190725
2021-10-07,1.2153466866245877,1.2693713133579418
2021-10-08,1.2154327707706556,1.2693942557156526
2021-10-11,1.215508873619774,1.2694150154073967
2021-10-12,1.215585276851939,1.2694360252147787
2021-10-13,1.2155964265658592,1.2694389716345984
2021-10-14,1.2155204616321893,1.269420841903129
2021-10-15,1.2154389847806917,1.269402009650508
2021-10-18,1.2152795421974127,1.2693667282211796
2021-10-19,1.215093986287561,1.2693273894541581
2021-10-20,1.2149760849808058,1.2693019390255316
2021-10-21,1.214837343092046,1.269272474371435
2021-10-22,1.2147427545108285,1.2692517687950444
2021-10-25,1.2146473863241165,1.2692312812095887
2021-10-26,1.2145512724702723,1.2692106371263638
2021-10-27,1.2144604680809234,1.2691905959326635
2021-10-28,1.2143460825010035,1.2691665610616474
2021-10-29,1.2142010017075182,1.2691366011839382
2021-11-01,1.2140676871159746,1.2691090164379226
2021-11-02,1.2138974080323748,1.2690748279469866
2021-11-03,1.2137223098917322,1.2690405414853103
2021-11-04,1.2134298206575735,1.2689874090075728
2021-11-05,1.2131435330930145,1.2689357373352579
2021-11-08,1.2127937873011705,1.2688745129061694
2021-11-09,1.2124568022204796,1.2688135018399826
2021-11-10,1.2122812516267174,1.268777380813522
2021-11-11,1.2120531399640722,1.2687314844760988
2021-11-12,1.2117641779652466,1.268676808904644
2021-11-15,1.2115056977264573,1.2686268748076475
2021-11-16,1.21117301163511,1.268565888744542
2021-11-17,1.2108817426487943,1.2685102942731172
2021-11-18,1.2105491778780002,1.268448837703811
2021-11-19,1.2101451786794504,1.268375892481728
2021-11-22,1.2099080605477663,1.2683282278542638
2021-11-23,1.2097480136801055,1.2682948672104777
2021-11-24,1.2095221349737963,1.268249648062789
2021-11-26,1.2093528072175188,1.268210744140097
2021-11-29,1.2090490017259403,1.2681489565467459
2021-11-30,1.208690009120731,1.2680709756715687
2021-12-01,1.2084489359814878,1.2680128208443633
2021-12-02,1.2082387603357545,1.2679648207172176
2021-12-03,1.20816808702422,1.2679469635505678
2021-12-06,1.2081163766294876,1.2679344497113476
2021-12-07,1.2078494374470559,1.267881414802864
2021-12-08,1.2075403803654625,1.2678218712269493
2021-12-09,1.2073328970901083,1.2677781388041867
2021-12-10,1.2070365344647696,1.2677210171003455
2021-12-13,1.206840802637102,1.267679321445752
2021-12-14,1.2067769862630224,1.2676643217267443
2021-12-15,1.2065610923173362,1.2676204457926545
2021-12-16,1.2066072533039853,1.267631607313611
2021-12-17,1.2065966947485176,1.2676290037075446
2021-12-20,1.2066144997968864,1.2676336678338833
2021-12-21,1.206493597643656,1.2676061562282204
2021-12-22,1.20633558207573,1.2675724106231798
2021-12-23,1.206179233674032,1.2675398588509759
2021-12-27,1.205921542431654,1.2674924084820942
2021-12-28,1.205750207389897,1.2674589472461597
2021-12-29,1.2055951450799998,1.2674283531843642
2021-12-30,1.205480741997093,1.2674048014612773
2021-12-31,1.2054052017044532,1.2673886479658458
2022-01-03,1.2052931210251472,1.2673656970567
2022-01-04,1.2053300989611027,1.267373928659889
2022-01-05,1.20556251670708,1.2674361170097483
2022-01-06,1.205821318908697,1.2675064980137114
2022-01-07,1.2061469535489613,1.267599267081341
2022-01-10,1.2064305521874956,1.2676792780835364
2022-01-11,1.2066482532840181,1.2677366070261509
2022-01-12,1.206845506331406,1.2677876002605137
2022-01-13,1.2072257976405274,1.2679005135619392
2022-01-14,1.2075053205592616,1.2679799381173107
2022-01-18,1.2078938833219397,1.2681037048015948
2022-01-19,1.2083252228194818,1.2682485063521316
2022-01-20,1.2087737201517132,1.268405618231377
2022-01-21,1.2092619540033733,1.2685903484626744
2022-01-24,1.2096951674758982,1.26874799974027
2022-01-25,1.2102733666481782,1.2689771893201554
2022-01-26,1.210773211911433,1.2691698847240926
2022-01-27,1.211298553340888,1.2693763625310495
2022-01-28,1.211572630665956,1.269465792130073
2022-01-31,1.2116684951921175,1.2694927701696799
2022-02-01,1.2117784728993939,1.2695229701569193
2022-02-02,1.211915580056473,1.269559528032217
2022-02-03,1.2121835789626978,1.2696427278985938
2022-02-04,1.2124029362550146,1.2697079724372027
2022-02-07,1.2126356603740438,1.2697784188826062
2022-02-08,1.2127891349610844,1.2698218025638377
2022-02-09,1.2127973526566134,1.2698238398529784
2022-02-10,1.2129195449566528,1.2698583542320352
2022-02-11,1.2132078318992392,1.2699527493347365
2022-02-14,1.2134569101738595,1.2700336555626661
2022-02-15,1.213525957585096,1.2700530697944201
2022-02-16,1.2136232206369097,1.2700805595661535
2022-02-17,1.213894199773488,1.2701699968914595
2022-02-18,1.2142298435588956,1.2702860805079597
2022-02-22,1.2145610417691655,1.2704043807709875
2022-02-23,1.214990318122786,1.2705729331201177
2022-02-24,1.2151582867433366,1.2706288696828625
2022-02-25,1.2153624469441549,1.2706919145077606
2022-02-28,1.2155373020156213,1.2707454894992003
2022-03-01,1.2157774750375316,1.270825547643482
2022-03-02,1.21594592446258,1.270876024789503
2022-03-03,1.2162388815281666,1.2709701271201772
2022-03-04,1.21666384459885,1.2711185361938364
2022-03-07,1.2172140682718733,1.271341709744746
2022-03-08,1.2177299668536117,1.271552039060457
2022-03-09,1.2180153596849261,1.2716480121195182
2022-03-10,1.218439674576301,1.2718008203799063
2022-03-11,1.2189616286881275,1.272004033075359
2022-03-14,1.2196293080893919,1.272284202320872
2022-03-15,1.2201162365266327,1.2724595995399492
2022-03-16,1.2203889712439846,1.2725416856028196
2022-03-17,1.2206449434733897,1.2726141616955737
2022-03-18,1.220731250735724,1.2726356433465125
2022-03-21,1.2208416477913766,1.2726635611222106
2022-03-22,1.2208785101345472,1.2726720416081243
2022-03-23,1.2209719362338305,1.272695706849963
2022-03-24,1.2208968261546465,1.2726794719850816
2022-03-25,1.2209010525288435,1.2726804060064705
2022-03-28,1.2208274216590407,1.272665324469304
2022-03-29,1.2206181305078867,1.2726284744489753
2022-03-30,1.2205400876539774,1.2726128289040284
2022-03-31,1.2204828044254743,1.2726000635927075
2022-04-01,1.2204856211992678,1.2726007068154102
2022-04-04,1.2203427052648523,1.2725719356692053
2022-04-05,1.2203628268310842,1.2725767257286176
2022-04-06,1.2206025568956118,1.2726437349661113
2022-04-07,1.2208442637474526,1.2727099397789368
2022-04-08,1.2212183666368384,1.2728206403373117
2022-04-11,1.2216823119621238,1.2729747133266676
2022-04-12,1.2221237085380068,1.2731219401638043
2022-04-13,1.2224645226774857,1.2732252846595162
2022-04-14,1.2229547535390624,1.2733925917985736
2022-04-18,1.2234173242608057,1.2735480801084922
2022-04-19,1.2237895906125644,1.273660258245029
2022-04-20,1.224185635567124,1.2737815156690304
2022-04-21,1.2246470396214213,1.2739362756994739
2022-04-22,1.2251377291166201,1.274122059761877
2022-04-25,1.2254896904498098,1.2742442211422238
2022-04-26,1.225982739098456,1.2744458453600058
2022-04-27,1.226369843746601,1.2745947962678692
2022-04-28,1.226530019622377,1.2746451545171946
2022-04-29,1.2268060463240609,1.2747507420863848
2022-05-02,1.2269487447203489,1.274800715625844
2022-05-03,1.227121623648337,1.274860467726252
2022-05-04,1.2271769363393705,1.2748763414440492
2022-05-05,1.2274856142250459,1.2749911974962416
2022-05-06,1.2278536399437212,1.275133406208272
2022-05-09,1.2283875503124388,1.2753787056063537
2022-05-10,1.2287671713200787,1.2755403141925228
2022-05-11,1.2293618717684813,1.2758273589275833
2022-05-12,1.2300006438888744,1.2761389019433291
2022-05-13,1.2304385752879183,1.2763190304184857
2022-05-16,1.2309524426193899,1.2765384286454364
2022-05-17,1.2313303528388488,1.2766787878989336
2022-05-18,1.2318358222320327,1.2769069330004204
2022-05-19,1.232342678751461,1.2771385334533731
2022-05-20,1.2328194272017297,1.2773513555601124
2022-05-23,1.2332197874049842,1.2775120587535376
2022-05-24,1.233752527702624,1.277741864926208
2022-05-25,1.2341920065482268,1.2779172961164835
2022-05-26,1.2345160530671897,1.278030710332843
2022-05-27,1.2346686840396044,1.2780747977182818
2022-05-31,1.2348557052935074,1.2781311780356381
2022-06-01,1.235003455465709,1.2781764644167048
2022-06-02,1.2350061199980378,1.2781771572169347
2022-06-03,1.2351519003868172,1.2782212930055168
2022-06-06,1.2353136474966262,1.2782698650294515
2022-06-07,1.2354034584623566,1.2782947275785268
2022-06-08,1.235512558674469,1.2783268490578212
2022-06-09,1.2357217958556583,1.2783984700050628
2022-06-10,1.2360941998292463,1.2785516764937468
2022-06-13,1.2366200310963067,1.2788134239554814
2022-06-14,1.2370465625437277,1.2790172433491038
2022-06-15,1.2373491499138576,1.2791466828318145
2022-06-16,1.2378233696243979,1.2793877171849015
2022-06-17,1.2381700378879665,1.2795523856354891
2022-06-21,1.2384588076560834,1.279673414061862
2022-06-22,1.2387598623772467,1.2797998038257656
2022-06-23,1.2389508859057776,1.2798727917644188
2022-06-24,1.2390072481553864,1.2798904227137957
2022-06-27,1.2391114152012983,1.279924159436179
2022-06-28,1.2393771175573238,1.2800247365031927
2022-06-29,1.2396180380761763,1.2801145731571528
2022-06-30,1.2399326348590463,1.2802389833307606
2022-07-01,1.2402972309388662,1.2803793604705997
2022-07-05,1.240498237329035,1.2804502279393235
2022-07-06,1.2406461093927017,1.2805000314941848
2022-07-07,1.240671780455943,1.2805076043658496
2022-07-08,1.2406807807657247,1.2805102391196688
2022-07-11,1.2407692766747598,1.2805386005092254
2022-07-12,1.2409287201355836,1.2805933844513737
2022-07-13,1.2410612039808906,1.2806390956849314
2022-07-14,1.2410895038987781,1.2806484315959252
2022-07-15,1.2410824552361976,1.2806463533283203
2022-07-18,1.2411051327479363,1.2806533853513875
2022-07-19,1.2410290820431478,1.280633905783352
2022-07-20,1.2407922736648227,1.2805806694529915
2022-07-21,1.2404870748982706,1.28051899520878
2022-07-22,1.2402991393157394,1.2804755847557743
2022-07-25,1.240206015098437,1.2804529199968917
2022-07-26,1.2402278997423148,1.2804589952190153
2022-07-27,1.2399868209285587,1.2804098111389668
2022-07-28,1.2397048944888887,1.280358318280665
2022-07-29,1.239379241841018,1.280306511610439
2022-08-01,1.2390575327544915,1.2802531600312186
2022-08-02,1.2387504043441937,1.2801984947841265
2022-08-03,1.2382515309074014,1.2801313848915945
2022-08-04,1.2377240018912674,1.2800606350790011
2022-08-05,1.2372208319090205,1.279989527411551
2022-08-08,1.2368172752812756,1.2799261202049288
2022-08-09,1.2365416555054725,1.279876091875064
2022-08-10,1.2361085499205953,1.2798175910053653
2022-08-11,1.2357696393306348,1.2797670274111435
2022-08-12,1.2353496771819248,1.2797166099442252
2022-08-15,1.2349153807841837,1.279666415209959
2022-08-16,1.2345640047213817,1.279621965277713
2022-08-17,1.2342576960197766,1.279577485395345
2022-08-18,1.2339284489504543,1.2795310749182354
2022-08-19,1.2337208784627172,1.279494183402265
2022-08-22,1.2336507337327483,1.279478135941882
2022-08-23,1.2335899473201144,1.2794638991553309
2022-08-24,1.2335420159507826,1.2794527581485398
2022-08-25,1.233416199131061,1.279427320157358
2022-08-26,1.2334732185993371,1.2794433729080996
2022-08-29,1.2336205815302879,1.279488311076187
2022-08-30,1.2337704416561224,1.2795366380126263
2022-08-31,1.2339556306075563,1.2795994152463475
2022-09-01,1.2342637509548,1.2797082347902111
2022-09-02,1.2345934003623975,1.2798311883100295
2022-09-06,1.2349550482786766,1.279969803600706
2022-09-07,1.2352934896310228,1.2800874647241147
2022-09-08,1.2356105637342742,1.280193014153553
2022-09-09,1.2358212572538785,1.2802540644049905
2022-09-12,1.2359435741483427,1.2802858349232142
2022-09-13,1.2362569896530475,1.2803994066376023
2022-09-14,1.2365460332020886,1.2805006178564966
2022-09-15,1.2369671216401885,1.280665620043025
2022-09-16,1.2373865356052196,1.2808343642238913
2022-09-19,1.2377762427518995,1.2809829439189393
2022-09-20,1.2381130180610127,1.2811141124988612
2022-09-21,1.238449647146129,1.281254204678309
2022-09-22,1.23884225252348,1.2814262377161263
2022-09-23,1.239225832893216,1.2816034639914777
2022-09-26,1.239578720423797,1.2817688405931864
2022-09-27,1.2398582568276453,1.2818955198120203
2022-09-28,1.240175208365254,1.2820291467609346
2022-09-29,1.2405769639542774,1.282218560012425
2022-09-30,1.2410203077024362,1.2824420498079465
2022-10-03,1.2413601481654646,1.282588141431549
2022-10-04,1.241580501516591,1.2826658314146973
2022-10-05,1.2417350567677186,1.2827188549972195
2022-10-06,1.2418785994602453,1.282769903457148
2022-10-07,1.2422320951171644,1.2829259339137762
2022-10-10,1.2427032518628196,1.2831496165662193
2022-10-11,1.243271533179917,1.2834358593434612
2022-10-12,1.2438304145482402,1.2837168987302217
2022-10-13,1.2443032988910627,1.2839209427184644
2022-10-14,1.244862285142355,1.2841943906223012
2022-10-17,1.2452949825653565,1.2843728836402855
2022-10-18,1.2457035447320775,1.2845303867981657
2022-10-19,1.2460918971860364,1.2846824832564614
2022-10-20,1.2463822493900125,1.2847945618631058
2022-10-21,1.2465880367894409,1.2848620416859544
2022-10-24,1.24676530040504,1.2849156125270453
2022-10-25,1.2468324905165793,1.284932979718033
2022-10-26,1.2470634558311902,1.285002013191677
2022-10-27,1.2473556059542472,1.2850951662007097
2022-10-28,1.2473942529730084,1.2851044105181268
2022-10-31,1.247506520510212,1.2851339996003277
2022-11-01,1.247667878132278,1.2851790350972343
2022-11-02,1.2480130702869583,1.2853018742591529
2022-11-03,1.2485728714117543,1.2855341002771559
2022-11-04,1.2490999906095865,1.2857351685975782
2022-11-07,1.2495342013264215,1.2858854668512871
2022-11-08,1.2498982608535387,1.2860034630265957
2022-11-09,1.2503618184110878,1.2861792707103739
2022-11-10,1.250366172474393,1.2861801870331473
2022-11-11,1.2502160253630563,1.286153973149483
2022-11-14,1.250107705057881,1.2861327440767014
2022-11-15,1.249909353243551,1.2860986793635847
2022-11-16,1.2498585777546463,1.2860881319006594
2022-11-17,1.2497838505969492,1.286072360397293
2022-11-18,1.2497443329693825,1.2860640212651993
2022-11-21,1.2498135997609543,1.2860804009459292
2022-11-22,1.2497985262211775,1.2860773378603683
2022-11-23,1.2497122392731221,1.286061347869148
2022-11-25,1.2497055249712092,1.286060002567772
2022-11-28,1.249801771073501,1.2860835509302886
2022-11-29,1.2499877726165407,1.2861327037591694
2022-11-30,1.2498872166792443,1.2861154774309194
2022-12-01,1.2497430123984217,1.2860912282623473
2022-12-02,1.2496634244817222,1.286076706859514
2022-12-05,1.249644345179309,1.2860724546222382
2022-12-06,1.2497497285632129,1.2861007650205363
2022-12-07,1.249886564743832,1.2861388136824399
2022-12-08,1.2498884018281982,1.2861392594480885
2022-12-09,1.2498920693783255,1.2861401981028755
2022-12-12,1.2497681167245225,1.2861137892353944
2022-12-13,1.2495810617806216,1.2860778908613326
2022-12-14,1.2494348085714253,1.2860472739931927
2022-12-15,1.2495156620519907,1.2860707130308358
2022-12-16,1.2496313880392063,1.2861073945284451
2022-12-19,1.2498318223191942,1.286176861467307
2022-12-20,1.2500106203630135,1.2862374601203583
2022-12-21,1.2501398789765183,1.2862765776949359
2022-12-22,1.250424259195678,1.2863777463264583
2022-12-23,1.2507420214436746,1.2864895154411295
2022-12-27,1.2511231825972218,1.2866307415540768
2022-12-28,1.2515552340461955,1.2868047078473042
2022-12-29,1.2518286197983093,1.2868969768688931
2022-12-30,1.2520789482321804,1.286981137400129
2023-01-03,1.252389024058245,1.287091225392991
2023-01-04,1.2527107741561643,1.2872013748451587
2023-01-05,1.2531505138205623,1.2873714099350548
2023-01-06,1.2534653334704244,1.2874720088373428
2023-01-09,1.2536180051852295,1.2875164235861094
2023-01-10,1.2537568557941843,1.2875548098375114
2023-01-11,1.2538098988899375,1.2875676088711765
2023-01-12,1.253804708749315,1.2875664339882056
2023-01-13,1.2537866662216353,1.2875624760657063
2023-01-17,1.2536906784634625,1.2875422173182494
2023-01-18,1.25359938544033,1.2875203795098245
2023-01-19,1.2535916233222233,1.2875183128603187
2023-01-20,1.2534248800760166,1.287483445027171
2023-01-23,1.2530883264905293,1.2874281305062498
2023-01-24,1.2527798012700448,1.2873752412149944
2023-01-25,1.252511753694981,1.287327221982207
2023-01-26,1.2521638787351486,1.287274632953899
2023-01-27,1.251796750371388,1.2872208790329092
2023-01-30,1.2515657361985917,1.287176985485151
2023-01-31,1.2512975735459324,1.287133351399155
2023-02-01,1.2508385573831933,1.2870786175033142
2023-02-02,1.250161890159345,1.2870317744506337
2023-02-03,1.249549127694236,1.2869728712696233
2023-02-06,1.2490704429070263,1.2869118449503973
2023-02-07,1.248434548689201,1.2868563310638668
2023-02-08,1.2478803351928944,1.286790966952857
2023-02-09,1.247318519308129,1.286717104299745
2023-02-10,1.2468819484338831,1.2866521169866862
2023-02-13,1.2463649377250956,1.2865900010934164
2023-02-14,1.2457962655780146,1.2865245129828347
2023-02-15,1.2451927437600785,1.2864598928428368
2023-02-16,1.2447141339203283,1.28638872531299
2023-02-17,1.2443812313705331,1.2863295781378974
2023-02-21,1.2441670642137164,1.2862799794040314
2023-02-22,1.2439476473464819,1.2862287750206376
2023-02-23,1.243601694561779,1.2861586671211653
2023-02-24,1.2433778140168124,1.2861045194707754
2023-02-27,1.243142027609388,1.2860495147407107
2023-02-28,1.2428913315168848,1.2859901649832952
2023-03-01,1.242709139003309,1.285943804695381
2023-03-02,1.242466875766945,1.285888168661063
2023-03-03,1.2421341648696678,1.2858257490394611
2023-03-06,1.2417810288954063,1.2857611162064277
2023-03-07,1.2414401803715784,1.285688929825293
2023-03-08,1.241032962560508,1.2856085788120044
2023-03-09,1.2406561981608897,1.2855206788669225
2023-03-10,1.2403994083784216,1.285449314840952
2023-03-13,1.2400771927403265,1.2853632026799855
2023-03-14,1.2396560905729093,1.2852709461872354
2023-03-15,1.2391966353207442,1.2851691401495648
2023-03-16,1.2385860511231805,1.2850671639349796
2023-03-17,1.2379178306516625,1.2849494232169976
2023-03-20,1.2373344142560454,1.2848483985131938
2023-03-21,1.2367602938642526,1.2847602198779586
2023-03-22,1.2361971742563729,1.2846573079677979
2023-03-23,1.23550547646265,1.2845487831428393
2023-03-24,1.2348837233667567,1.2844510853503444
2023-03-27,1.2343826383809988,1.2843639069733894
2023-03-28,1.2339368482901563,1.2842808698851382
2023-03-29,1.233397944002152,1.28420141575406
2023-03-30,1.2328094149199658,1.2841240971701118
2023-03-31,1.2321792561377005,1.2840585002578193
2023-04-03,1.2316277692833428,1.2839964681917935
2023-04-04,1.2311285513919052,1.2839312285005875
2023-04-05,1.2307768669769898,1.2838748906267872
2023-04-06,1.230412724322748,1.283819053737345
2023-04-10,1.2300817266109605,1.2837665704780128
2023-04-11,1.2298548692626556,1.2837262124359523
2023-04-12,1.229673364240182,1.2836910511435633
2023-04-13,1.229392340037797,1.2836471551480393
2023-04-14,1.2291454824167636,1.283605666683241
2023-04-17,1.228900476399769,1.2835654813324635
2023-04-18,1.2286365843634448,1.2835227892787975
2023-04-19,1.2284081538389946,1.283483989959571
2023-04-20,1.2282213704670897,1.2834487930767353
2023-04-21,1.2280828794360836,1.2834214440331237
2023-04-24,1.2280137289682904,1.2834069761057825
2023-04-25,1.2280504878619667,1.2834165024573179
2023-04-26,1.2278922686004934,1.2833801068222317
2023-04-27,1.2277052012076082,1.2833444386090074
2023-04-28,1.2274796631853775,1.2833058258183612
2023-05-01,1.2272436322954368,1.283265142061617
2023-05-02,1.2270439096654553,1.2832252587190696
2023-05-03,1.2268674032937616,1.283186887355911
2023-05-04,1.2266790015118867,1.283143940756131
2023-05-05,1.2263588253968782,1.28308858519083
2023-05-08,1.2260438664221556,1.2830338055187982
2023-05-09,1.2257903594110962,1.2829849389888437
2023-05-10,1.225456529121238,1.2829274632491476
2023-05-11,1.2251731260718532,1.2828751722317735
2023-05-12,1.2249125707532689,1.2828252355732845
2023-05-15,1.2245929669176665,1.2827689084464766
2023-05-16,1.2242292945321247,1.2827031487591996
2023-05-17,1.2238201648727012,1.2826405742926734
2023-05-18,1.2232814150818414,1.2825777691292313
2023-05-19,1.2227736843218082,1.2825139999469932
2023-05-22,1.2222580303232113,1.2824494090599687
2023-05-23,1.2218455109835875,1.2823824124738494
2023-05-24,1.2214521835590553,1.282311886489473
2023-05-25,1.2207264625096235,1.2822328377643653
2023-05-26,1.219826292160105,1.2821772380233947
2023-05-30,1.2188994607663488,1.2821228920246135
2023-05-31,1.21806908406788,1.2820529425247613
2023-06-01,1.2172456515006589,1.2819952439553417
2023-06-02,1.2165119410435223,1.2819488605718274
2023-06-05,1.2158610776869425,1.281896074133458
2023-06-06,1.2152384511207215,1.2818436020618924
2023-06-07,1.214796646205004,1.2817899599525089
2023-06-08,1.2143065627988696,1.2817381051547307
2023-06-09,1.2138054935653346,1.28168653629536
2023-06-12,1.2131568589187371,1.2816431899173597
2023-06-13,1.2125111450370614,1.281604743101586
2023-06-14,1.2118005409859969,1.2815688813971766
2023-06-15,1.2110798548030315,1.2815454081111222
2023-06-16,1.2104654257314944,1.2815098327908288
2023-06-20,1.209903606696657,1.2814666026612944
2023-06-21,1.2095045527488644,1.2814206046724173
2023-06-22,1.2090574304946093,1.2813742871725657
2023-06-23,1.2086966814791664,1.2813260742068384
2023-06-26,1.2084078022759694,1.2812811363686825
2023-06-27,1.2079963988152327,1.2812329718980293
2023-06-28,1.2075739857670542,1.281183592084835
2023-06-29,1.207182437630512,1.2811375413887478
2023-06-30,1.2067364124144793,1.2810971959203232
2023-07-03,1.2063447201334128,1.2810579868974334
2023-07-05,1.206028601429816,1.2810204164621881
2023-07-06,1.2056918849691145,1.2809759238284195
2023-07-07,1.2053853578978224,1.2809317779297962
2023-07-10,1.2050693202089615,1.280887637326293
2023-07-11,1.2047868455773516,1.2808492171124992
2023-07-12,1.2044641865167545,1.2808109693325753
2023-07-13,1.2040588088524948,1.2807733118746691
2023-07-14,1.203704842267343,1.2807356607800915
2023-07-17,1.2032407568172592,1.2806964003096497
2023-07-18,1.202729844300399,1.280661658015518
2023-07-19,1.2022923675546686,1.2806265218080246
2023-07-20,1.2020716806097962,1.2805975166849517
2023-07-21,1.2018805872807856,1.2805708179395474
2023-07-24,1.2017271736267936,1.280549095329849
2023-07-25,1.201471468017409,1.2805179539191882
2023-07-26,1.2013653434245855,1.2805018777907935
2023-07-27,1.2012547429886578,1.2804835913147723
2023-07-28,1.2010736576728505,1.2804585636559542
2023-07-31,1.2008618129176307,1.2804305969798457
2023-08-01,1.2006252927597818,1.280398555534449
2023-08-02,1.2005792965810569,1.2803894057093346
2023-08-03,1.200553267732165,1.2803839433562874
2023-08-04,1.2006338818866298,1.2804034054262163
2023-08-07,1.2007758585565618,1.2804371909142147
2023-08-08,1.2009774520133498,1.2804896384835236
2023-08-09,1.2012637232437622,1.280573551103994
2023-08-10,1.2015327604060098,1.2806513666733137
2023-08-11,1.2018581003468807,1.2807501168247148
2023-08-14,1.202058940148787,1.2808036666544882
2023-08-15,1.2022555781048307,1.2808606130053404
2023-08-16,1.202479709414182,1.280930320195899
2023-08-17,1.2027440887840901,1.2810190345596355
2023-08-18,1.2029789170508371,1.2810959277490266
2023-08-21,1.2030782010167989,1.2811240375638173
2023-08-22,1.2031425002283203,1.281142105712204
2023-08-23,1.2031033128654354,1.281132798791485
2023-08-24,1.2032044148070442,1.2811624910853059
2023-08-25,1.2032559537981162,1.2811763092001125
2023-08-28,1.2032754406017028,1.2811811695368895
2023-08-29,1.2032012374849383,1.281166077387041
2023-08-30,1.2030762316295656,1.2811427451674828
2023-08-31,1.2028802264031961,1.2811078747880416
2023-09-01,1.202665409111709,1.2810709800982614
2023-09-05,1.2023974139231,1.2810251479167716
2023-09-06,1.2022091326389335,1.2809874609785632
2023-09-07,1.202177131219808,1.2809798741217244
2023-09-08,1.2021433808589996,1.2809719551212626
2023-09-11,1.2021209460005386,1.2809669244209476
2023-09-12,1.2022491014119638,1.28100115465817
2023-09-13,1.2023658574298135,1.281031892132328
2023-09-14,1.2024833649614135,1.281060819624232
2023-09-15,1.2026798164413148,1.2811179056505844
2023-09-18,1.2028395511824594,1.2811625011898073
2023-09-19,1.202991851449072,1.2812055139318774
2023-09-20,1.2032138511669404,1.2812760570344786
2023-09-21,1.2034574692171078,1.2813631261280587
2023-09-22,1.203639617456059,1.28142616681995
2023-09-25,1.203809500215362,1.2814826161453552
2023-09-26,1.2040338983644703,1.281566820378646
2023-09-27,1.204218850801274,1.2816338383717263
2023-09-28,1.2043574251801827,1.281680432228744
2023-09-29,1.204426695444241,1.2817028025627328
2023-10-02,1.204386987957141,1.281691000747991
2023-10-03,1.2044390652867314,1.2817089098100827
2023-10-04,1.2044264858777656,1.2817049955784579
2023-10-05,1.2044002458830456,1.2816969482641916
2023-10-06,1.2042582963012816,1.2816606707531415
2023-10-09,1.204131465770387,1.281629679508174
2023-10-10,1.2040212685673424,1.2816035938026824
2023-10-11,1.2038640837261165,1.281569256119523
2023-10-12,1.2036832429102136,1.281528489504351
2023-10-13,1.203646232040395,1.2815186566380954
2023-10-16,1.2035779061831398,1.2815024411689686
2023-10-17,1.2035645106676844,1.2814991147941441
2023-10-18,1.2035840032293779,1.2815046218820245
2023-10-19,1.2035978009419135,1.2815087511533068
2023-10-20,1.203694381637348,1.2815418824386373
2023-10-23,1.2037692069179657,1.2815672491470456
2023-10-24,1.2038124015802298,1.2815807617895025
2023-10-25,1.2039061022728659,1.2816138959470145
2023-10-26,1.2040800236370992,1.2816829783196002
2023-10-27,1.2041604962751367,1.2817135801478126
2023-10-30,1.204250152219928,1.2817451349352618
2023-10-31,1.204308196280527,1.28176419771316
2023-11-01,1.2042824874107099,1.2817569015985661
2023-11-02,1.2042364140802029,1.2817459079959352
2023-11-03,1.2041135575664434,1.281720737267264
2023-11-06,1.2039658169716778,1.2816917957943665
2023-11-07,1.203706858369042,1.281647899735148
2023-11-08,1.2034170447465267,1.2816006748479072
2023-11-09,1.2031375850742247,1.2815502062281166
2023-11-10,1.2027070295077713,1.2814974183023744
2023-11-13,1.2023447668834955,1.281447034810543
2023-11-14,1.2018979354969357,1.281407279759494
2023-11-15,1.2014748417028114,1.2813682650655693
2023-11-16,1.201055296134523,1.2813291372360005
2023-11-17,1.2006592646768972,1.2812902175990917
2023-11-20,1.200187774407877,1.2812559361880955
2023-11-21,1.1998167875905188,1.2812195177517536
2023-11-22,1.1994549849267482,1.281184888306796
2023-11-24,1.199129569824722,1.2811510149323826
2023-11-27,1.1988061284095908,1.2811151487230799
2023-11-28,1.1984826894161806,1.281078920431583
2023-11-29,1.1981215537265035,1.2810397615773006
2023-11-30,1.1978151032149325,1.2810046670477333
2023-12-01,1.1975118242253273,1.2809722882286563
2023-12-04,1.1972956074841685,1.2809428987851086
2023-12-05,1.1970218878204213,1.2809079287165712
2023-12-06,1.1968231713170574,1.280877534219292
2023-12-07,1.1965800567974436,1.2808455667497323
2023-12-08,1.1962830970073917,1.2808112927037778
2023-12-11,1.1959544783615546,1.2807768578942296
2023-12-12,1.195617007387246,1.2807442151758188
2023-12-13,1.1952900974304486,1.2807191946730916
2023-12-14,1.194985176699888,1.2806951782762497
2023-12-15,1.1946182209284921,1.2806678577383472
2023-12-18,1.1942947558192087,1.280643291994537
2023-12-19,1.193981053323084,1.2806209921847163
2023-12-20,1.1937330139644884,1.2805925077495843
2023-12-21,1.1934474067382097,1.280566333837688
2023-12-22,1.1931815532385255,1.2805409560376533
2023-12-26,1.1929105663442825,1.280516546686426
2023-12-27,1.1926586801826424,1.2804928799312543
2023-12-28,1.1924144387736206,1.2804688474879489
2023-12-29,1.192221188233386,1.2804461441800183
2024-01-02,1.1922904054898054,1.2804590185166838
2024-01-03,1.1924310282737456,1.2804901941434845
2024-01-04,1.1926043494111975,1.2805314254010995
2024-01-05,1.1927793285401869,1.2805730134551803
2024-01-08,1.1927925985744847,1.2805753469705583
2024-01-09,1.1927757179021656,1.2805724034572552
2024-01-10,1.1927157030077953,1.2805629898927064
2024-01-11,1.1926120042391684,1.280547226934953
2024-01-12,1.1924950015885176,1.2805296279382974
2024-01-16,1.192331792395529,1.2805050357616001
2024-01-17,1.1921850638619031,1.2804804323457677
2024-01-18,1.1919003328248325,1.2804449052985967
2024-01-19,1.1914917400335465,1.2804123627502184
2024-01-22,1.1910433723295804,1.2803804155259721
2024-01-23,1.190595225630306,1.280349682214093
2024-01-24,1.1901160103072304,1.2803187341442206
2024-01-25,1.1896847525503609,1.2802901923198464
2024-01-26,1.1893888711164322,1.280261456374845
2024-01-29,1.1890436829755566,1.280235177537028
2024-01-30,1.1888225739131553,1.2802119413956794
2024-01-31,1.1886959712575247,1.2801916172726764
2024-02-01,1.1885534486193716,1.2801726479478999
2024-02-02,1.1884034323793442,1.28015546806987
2024-02-05,1.1882213595223614,1.2801338877633475
2024-02-06,1.1880938536521461,1.280117626476722
2024-02-07,1.1878996478839665,1.2800978410113333
2024-02-08,1.187660203308159,1.2800749319856235
2024-02-09,1.1873074456323955,1.2800513834252285
2024-02-12,1.1870405780522297,1.2800278754561145
2024-02-13,1.186886273485382,1.2800061390773703
2024-02-14,1.1866692679044317,1.2799815469626867
2024-02-15,1.1865355327452405,1.2799654561204856
2024-02-16,1.1864853213770847,1.2799578865264123
2024-02-20,1.1865198516605489,1.2799642247625622
2024-02-21,1.1866586139915187,1.2799929961054064
2024-02-22,1.186625204002256,1.279988643037669
2024-02-23,1.1866381402182196,1.2799904919345422
2024-02-26,1.1865834079783926,1.2799827952959584
2024-02-27,1.1865313765395578,1.2799754489763981
2024-02-28,1.1865232201804254,1.2799741721734406
2024-02-29,1.1864386589485343,1.2799625971912931
2024-03-01,1.1862359475660147,1.279942860605104
2024-03-04,1.186008379048576,1.2799203914379693
2024-03-05,1.1859763055355448,1.2799151658981234
2024-03-06,1.1858701880495777,1.2799003918308116
2024-03-07,1.1856696497347712,1.2798796409280082
2024-03-08,1.1856117188172834,1.279871032749197
2024-03-11,1.1856010846353953,1.2798693010618205
2024-03-12,1.1854537611949574,1.2798521548752708
2024-03-13,1.1854215606372367,1.2798474186865898
2024-03-14,1.185413009760902,1.2798460496121045
2024-03-15,1.185476968783821,1.2798586059568335
2024-03-18,1.1855527016380045,1.2798727223653545
2024-03-19,1.185632873825417,1.2798870002972915
2024-03-20,1.1856449031907386,1.279888773550434
2024-03-21,1.1856540836975353,1.2798900986041466
2024-03-22,1.185631412129932,1.2798868260829417
2024-03-25,1.185625898452643,1.2798859540143706
2024-03-26,1.185650744035842,1.2798902380183401
2024-03-27,1.1857314831665036,1.279903908582454
2024-03-28,1.1858250369633059,1.2799203494531848
2024-04-01,1.1858754303699404,1.279929079571047
2024-04-02,1.1859894467064427,1.2799524105412112
2024-04-03,1.1860860746540944,1.2799718201351813
2024-04-04,1.1862432205407294,1.2800102486568696
2024-04-05,1.1863574125961935,1.2800345786664036
2024-04-08,1.186485660173437,1.2800625268688084
2024-04-09,1.1865950373923277,1.2800858298897273
2024-04-10,1.186709492891821,1.2801130564624286
2024-04-11,1.1866740179030533,1.2801063581272087
2024-04-12,1.1867091137208603,1.2801146816011366
2024-04-15,1.1868388529086877,1.2801520948435092
2024-04-16,1.1869388365554083,1.2801805705353264
2024-04-17,1.1871440955451236,1.2802470398498498
2024-04-18,1.1874225203941318,1.2803436280759812
2024-04-19,1.1878931501640235,1.2805410712086023
2024-04-22,1.1882876874988444,1.2806881254655205
2024-04-23,1.1886035051953379,1.2807896401349055
2024-04-24,1.1888857456832294,1.280878179267937
2024-04-25,1.1891126907717702,1.2809484408866447
2024-04-26,1.1892342394554594,1.280980116478019
2024-04-29,1.1893401804014583,1.281006522542036
2024-04-30,1.1895389293221144,1.2810680796074387
2024-05-01,1.1898188093034965,1.2811624780679187
2024-05-02,1.1900245728397967,1.281223299537092
2024-05-03,1.1900420432529855,1.2812271749005155
2024-05-06,1.189993687698912,1.2812182136095622
2024-05-07,1.1900081206570214,1.281221077216726
2024-05-08,1.190004290640844,1.2812203250841483
2024-05-09,1.1900647004640719,1.2812324541236169
2024-05-10,1.1901060479847025,1.281240542635347
2024-05-13,1.1900929828529343,1.2812381272875937
2024-05-14,1.1900059135628591,1.2812241174845844
2024-05-15,1.1897761181468194,1.2811994207311939
2024-05-16,1.189583944881626,1.2811757269534914
2024-05-17,1.189445786113126,1.2811572011954777
2024-05-20,1.1891754705256277,1.281128269522302
2024-05-21,1.1889300345638085,1.2811012659426153
2024-05-22,1.1886645061851357,1.2810708260667587
2024-05-23,1.1883375981716278,1.2810317643630527
2024-05-24,1.1879743900478883,1.2809953176908306
2024-05-28,1.1875313955111335,1.280957699879834
2024-05-29,1.1870795321044536,1.280912656832267
2024-05-30,1.186867747965329,1.280877619229406
2024-05-31,1.1867606059158895,1.28085932654123
2024-06-03,1.1866031974102516,1.280834134400429
2024-06-04,1.1864597490274809,1.2808109384121595
2024-06-05,1.186142008791821,1.280778725343954
2024-06-06,1.1858719363111792,1.2807479448841164
2024-06-07,1.1856022620302054,1.280715799498711
2024-06-10,1.185332865370707,1.2806847124817557
2024-06-11,1.1849329874236865,1.2806503966004623
2024-06-12,1.184374121699659,1.2806278234571111
2024-06-13,1.1837402198612825,1.2806120593808143
2024-06-14,1.1830911119358276,1.2805963766465103
2024-06-17,1.1824034962551562,1.2805935153277905
2024-06-18,1.1817227427248362,1.2805907550298012
2024-06-20,1.1812135457673603,1.280567308958461
2024-06-21,1.1807740223167444,1.280538171782555
2024-06-24,1.1805499944553948,1.2805114925488552
2024-06-25,1.1802046738793301,1.2804809573415237
2024-06-26,1.1798662185112163,1.2804506623252392
2024-06-27,1.179533634954062,1.2804205457345648
2024-06-28,1.1791826410782758,1.2803863631017731
2024-07-01,1.178751749027752,1.2803523774379666
2024-07-02,1.1783238483505774,1.2803228508674367
2024-07-03,1.1778199269252079,1.2802987355761672
2024-07-05,1.1773392142258006,1.2802779739964099
2024-07-08,1.1768107659023108,1.280259540826099
2024-07-09,1.1763422090203446,1.2802369957985404
2024-07-10,1.175824193628672,1.2802250946978255
2024-07-11,1.1754801113412494,1.2801980196452507
2024-07-12,1.175104267131523,1.2801745932559003
2024-07-15,1.1747119942824025,1.2801522796376195
2024-07-16,1.1743822842296008,1.280132110080856
2024-07-17,1.174357522872482,1.280128129423429
2024-07-18,1.1743164095324976,1.2801208329426557
2024-07-19,1.1743488135229265,1.2801276886480863
2024-07-22,1.1742559878689798,1.2801127921958262
2024-07-23,1.1741722191390769,1.2800986858011907
2024-07-24,1.1743208459329455,1.280140229264449
2024-07-25,1.174516231514103,1.2801996752024731
2024-07-26,1.174680037799974,1.2802436154221244
2024-07-29,1.1748837337682847,1.2803000674238778
2024-07-30,1.1752351419911722,1.280416076671029
2024-07-31,1.1753447948502638,1.2804412682039843
2024-08-01,1.1757240188347349,1.280567695149156
2024-08-02,1.1761726854344388,1.2807483210272812
2024-08-05,1.1766995865257817,1.281014919592829
2024-08-06,1.1771919487650497,1.2812427765308667
2024-08-07,1.1777212478209187,1.2815019522416693
2024-08-08,1.1780884273540426,1.2816392485496144
2024-08-09,1.1784132259171083,1.2817526816926217
2024-08-12,1.1786741703660137,1.2818386100333383
2024-08-13,1.1787679657717338,1.2818615512423175
2024-08-14,1.1788397590594473,1.2818782158725481
2024-08-15,1.1787702217728435,1.2818670316451002
2024-08-16,1.178699183577336,1.2818558183268822
2024-08-19,1.1785609491736082,1.2818385438170503
2024-08-20,1.178453346634578,1.2818236750542125
2024-08-21,1.178322650982065,1.2818070184841155
2024-08-22,1.1783585920927182,1.2818137671948222
2024-08-23,1.1782949672844951,1.2818046770334932
2024-08-26,1.1783158589713103,1.2818082673198155
2024-08-27,1.1783003202165345,1.2818057485800474
2024-08-28,1.1783796221679692,1.2818216746017654
2024-08-29,1.1784870557362932,1.281844189557328
2024-08-30,1.1785638453052838,1.2818582101489262
2024-09-03,1.178937988560658,1.2819746028707468
2024-09-04,1.1793003145316543,1.2820884300053739
2024-09-05,1.1796457416189516,1.2821980472117558
2024-09-06,1.180078722692872,1.2823653969673035
2024-09-09,1.180456314444514,1.2824936498461448
2024-09-10,1.1807449733262276,1.2825818500675907
2024-09-11,1.1808100602203206,1.2825962879392105
2024-09-12,1.180866801825995,1.2826077077566445
2024-09-13,1.1809035598571749,1.2826145671708011
2024-09-16,1.181021337808368,1.2826386850810805
2024-09-17,1.1811433483684903,1.2826640001365932
2024-09-18,1.181283295379931,1.2826949985740943
2024-09-19,1.181249805587985,1.2826902180032813
2024-09-20,1.1812379126331392,1.2826883633949988
2024-09-23,1.1812575145287827,1.2826915027566723
2024-09-24,1.1812008707200896,1.282683617030643
2024-09-25,1.1811158609649544,1.2826715976687009
2024-09-26,1.1809322784410188,1.282650915371107
2024-09-27,1.1808264662194818,1.2826363800883454
2024-09-30,1.1807411839313144,1.282624926506178
2024-10-01,1.1808584587073747,1.282649292725807
2024-10-02,1.1809037494739494,1.282657966884989
2024-10-03,1.180884065977145,1.2826543737104459
2024-10-04,1.1808065938374506,1.2826427443888506
2024-10-07,1.180728192941702,1.282629167200925
2024-10-08,1.180535315615261,1.2826046681654923
2024-10-09,1.1802863850461254,1.2825792635157083
2024-10-10,1.180020677547673,1.2825513335503926
2024-10-11,1.1797903366784503,1.2825277660266317
2024-10-14,1.1795053106641382,1.2825062021159979
2024-10-15,1.1793695376176931,1.282488554592973
2024-10-16,1.1792402257171501,1.2824724658061188
2024-10-17,1.17907361353222,1.2824527251260935
2024-10-18,1.1789112977162723,1.28243420035271
2024-10-21,1.1786762001031448,1.282409670310764
2024-10-22,1.1784522024740973,1.2823846942483343
2024-10-23,1.1783312456648154,1.2823655030848096
2024-10-24,1.1781971594103975,1.2823450493926782
2024-10-25,1.1780120040272006,1.282318556256966
2024-10-28,1.1778406409358344,1.2822943386868597
2024-10-29,1.1775543321909139,1.282261805599186
2024-10-30,1.1774035778381051,1.2822385675269286
2024-10-31,1.1774522133194736,1.2822508471138356
2024-11-01,1.177460392385727,1.282252737683104
2024-11-04,1.1774600321868427,1.2822526533885914
2024-11-05,1.177412316622105,1.282243431904471
2024-11-06,1.1772493272117641,1.2822253842460483
2024-11-07,1.176930094871773,1.2822054281605386
2024-11-08,1.1766902795946166,1.2821876659570337
2024-11-11,1.176517569806315,1.2821718930196768
2024-11-12,1.1763018214427043,1.282151928579514
2024-11-13,1.176150780093513,1.282135458421075
2024-11-14,1.1759889411629663,1.2821152145934878
2024-11-15,1.1759926451048106,1.2821159459802793
2024-11-18,1.1760029832320877,1.2821179174103712
2024-11-19,1.1759069729919478,1.2821027091361032
2024-11-20,1.1758074525838946,1.2820869276023352
2024-11-21,1.1756409175387004,1.2820647841143111
2024-11-22,1.1754710060645426,1.2820431970989412
2024-11-25,1.1753430736042554,1.2820262212005795
2024-11-26,1.1752434057562482,1.2820134007453579
2024-11-27,1.1752356479410837,1.282012149449356
2024-11-29,1.1751791058529453,1.2820042406438819
2024-12-02,1.1750382639414263,1.2819877442482408
2024-12-03,1.174847418334634,1.2819671393908627
2024-12-04,1.174488188675264,1.2819455876884138
2024-12-05,1.1741897278975688,1.2819216435183274
2024-12-06,1.1738613166500975,1.2818977296159768
2024-12-09,1.1735857609179245,1.2818703755508205
2024-12-10,1.1734627987265516,1.2818526690018108
2024-12-11,1.1732440009374292,1.2818294016574765
2024-12-12,1.1730338258680975,1.2818034831833809
2024-12-13,1.172776359957542,1.2817738642877907
2024-12-16,1.1724345513934156,1.281743634499408
2024-12-17,1.1721384106321706,1.2817107783949695
2024-12-18,1.1719671323637062,1.2816743429866118
2024-12-19,1.171786637981451,1.2816362521657536
2024-12-20,1.1715406934878476,1.2815950653158918
2024-12-23,1.1712693927125692,1.2815558520975137
2024-12-24,1.1709921866130646,1.2815230830541335
2024-12-26,1.1707025770498798,1.2814888552853263
2024-12-27,1.1705024371300345,1.2814555658480333
2024-12-30,1.1703483520109417,1.2814240338185987
2024-12-31,1.1702677534648425,1.2814052998104466
