Date,IVV_VGT,SPY_IVV,SPY_VGT,XLF_SPY,XLF_IVV
2020-01-02,0.0,0.0,0.0,0.0,0.0
2020-01-03,-0.0,-0.0,-0.0,-0.0,-0.0
2020-01-06,-0.0,-0.0,-0.0,-0.0,-0.0
2020-01-07,-0.0,-0.0,-0.0,-0.0,-0.0
2020-01-08,-0.0,-0.0,-0.0,0.0,0.0
2020-01-09,-0.0,-0.0,-0.0,0.0,0.0
2020-01-10,-0.0,-0.0,-0.0,-0.0,-0.0
2020-01-13,-0.0,-0.0,-0.0,0.0,0.0
2020-01-14,0.0,-0.0,0.0,-0.0,-0.0
2020-01-15,-0.0,-0.0,-0.0,-0.0,-0.0
2020-01-16,-0.0,-0.0,-0.0,0.0,0.0
2020-01-17,-0.0,-0.0,-0.0,0.0,0.0
2020-01-21,-0.0,-0.0,-0.0,-0.0,-0.0
2020-01-22,-0.0,-0.0,-0.0,0.0,0.0
2020-01-23,-0.0,-0.0,-0.0,-0.0,-0.0
2020-01-24,-0.0,-0.0,-0.0,-0.0,-0.0
2020-01-27,0.0,-0.0,0.0,-0.0,-0.0
2020-01-28,-0.0,0.0,-0.0,0.0,0.0
2020-01-29,-0.0,-0.0,-0.0,-0.0,-0.0
2020-01-30,-0.0,0.0,-0.0,0.0,0.0
2020-01-31,0.0,-0.0,0.0,-0.0,-0.0
2020-02-03,-0.0,0.0,-0.0,0.0,0.0
2020-02-04,-0.0,0.0,-0.0,0.0,0.0
2020-02-05,0.0,0.0,0.0,0.0,0.0
2020-02-06,-0.0,-0.0,-0.0,-0.0,-0.0
2020-02-07,0.0,-0.0,0.0,-0.0,-0.0
2020-02-10,-0.0,0.0,-0.0,-0.0,-0.0
2020-02-11,0.0,-0.0,0.0,0.0,0.0
2020-02-12,-0.0,0.0,-0.0,-0.0,-0.0
2020-02-13,0.0,-0.0,0.0,-0.0,0.0
2020-02-14,-0.0,-0.0,-0.0,0.0,0.0
2020-02-18,0.0,-0.0,0.0,-0.0,-0.0
2020-02-19,-0.0,0.0,-0.0,0.0,0.0
2020-02-20,0.0,-0.0,0.0,0.0,0.0
2020-02-21,0.0,-0.0,0.0,-0.0,-0.0
2020-02-24,0.0,-0.0,0.0,-0.0,-0.0
2020-02-25,0.0,-0.0,0.0,-0.0,-0.0
2020-02-26,-0.0,-0.0,-0.0,-0.0,-0.0
2020-02-27,0.0,-0.0,0.0,-0.0,-0.0
2020-02-28,-0.0,0.0,-0.0,-0.0,-0.0
2020-03-02,-0.0,0.0,-0.0,0.0,0.0
2020-03-03,0.0,-0.0,0.0,-0.0,-0.0
2020-03-04,-0.0,0.0,-0.0,0.0,0.0
2020-03-05,0.0,-0.0,0.0,-0.0,-0.0
2020-03-06,0.0,-0.0,0.0,-0.0,-0.0
2020-03-09,0.0,-0.0,0.0,-0.0,-0.0
2020-03-10,-0.0,0.0,-0.0,0.0,0.0
2020-03-11,0.0,-0.0,0.0,-0.0,-0.0
2020-03-12,0.0,-0.0,0.0,-0.0,-0.0
2020-03-13,-0.0,0.0,-0.0,0.0,0.0
2020-03-16,0.0,-0.0,0.0,-0.0,-0.0
2020-03-17,-0.0,0.0,-0.0,0.0,0.0
2020-03-18,-0.0,-0.0,-0.0,-0.0,-0.0
2020-03-19,0.0,0.0,-0.0,0.0,0.0
2020-03-20,0.0,-0.0,0.0,-0.0,-0.0
2020-03-23,-0.0,0.0,-0.0,-0.0,-0.0
2020-03-24,-0.0,0.0,-0.0,0.0,0.0
2020-03-25,0.0,0.0,0.0,0.0,0.0
2020-03-26,-0.0,0.0,-0.0,0.0,0.0
2020-03-27,0.0,-0.0,0.0,-0.0,-0.0
2020-03-30,-0.0,0.0,-0.0,0.0,0.0
2020-03-31,0.0,-0.0,0.0,-0.0,-0.0
2020-04-01,0.0,-0.0,0.0,-0.0,-0.0
2020-04-02,-0.0,0.0,-0.0,0.0,0.0
2020-04-03,0.0,-0.0,0.0,-0.0,-0.0
2020-04-06,-0.0,0.0,-0.0,0.0,0.0
2020-04-07,0.0,0.0,0.0,0.0,0.0
2020-04-08,-0.0,0.0,-0.0,0.0,0.0
2020-04-09,0.0,0.0,0.0,0.0,0.0
2020-04-13,-0.0,-0.0,-0.0,-0.0,-0.0
2020-04-14,-0.0,0.0,-0.0,-0.0,-0.0
2020-04-15,0.0,-0.0,0.0,-0.0,-0.0
2020-04-16,-0.0,0.0,-0.0,-0.0,-0.0
2020-04-17,0.0,0.0,0.0,0.0,0.0
2020-04-20,0.0,-0.0,0.0,-0.0,-0.0
2020-04-21,0.0,-0.0,0.0,-0.0,-0.0
2020-04-22,-0.0,0.0,-0.0,0.0,0.0
2020-04-23,0.0,-0.0,0.0,-0.0,-0.0
2020-04-24,-0.0,0.0,-0.0,0.0,0.0
2020-04-27,0.0,0.0,0.0,0.0,0.0
2020-04-28,0.0,-0.0,0.0,0.0,0.0
2020-04-29,-0.0,0.0,-0.0,0.0,0.0
2020-04-30,-0.0,-0.0,0.0,-0.0,-0.0
2020-05-01,0.0,-0.0,0.0,-0.0,-0.0
2020-05-04,-0.0,-0.0,-0.0,-0.0,-0.0
2020-05-05,-0.0,0.0,-0.0,-0.0,-0.0
2020-05-06,-0.0,-0.0,-0.0,-0.0,-0.0
2020-05-07,-0.008631252492018904,0.0,-0.008421867541507089,0.0,0.0
2020-05-08,0.0002316632948293762,0.0,4.7607167646290804e-05,0.0,0.0
2020-05-11,-0.006075200052329421,-0.0,-0.005844962229520023,-0.0,-0.0
2020-05-12,0.00968391773890187,-0.0,0.010112294615761686,-0.0,-0.0
2020-05-13,0.007774139456018236,-0.0,0.007221808570273769,-0.0,-0.0
2020-05-14,-0.0013347846361120297,0.0,-0.001333412597439354,0.0,0.0
2020-05-15,-0.001028664986289174,0.0,-0.000783465652447024,-0.0,-0.0
2020-05-18,0.0020502766838799147,0.0,0.0016050450280173933,0.0,0.0
2020-05-19,-0.004190793942765891,-0.0,-0.004158145379934641,-0.0,-0.0
2020-05-20,-0.009420683153006149,0.0,-0.009490788751394863,0.0,0.0
2020-05-21,0.010813602668018785,-0.0,0.01121626660835795,0.0,0.0
2020-05-22,-0.0019184390743798296,-0.0,-0.0020533009592247353,-0.0,-0.0
2020-05-26,0.013506669432871155,0.0,0.01315385913153233,0.0,0.0
2020-05-27,0.008864090834309835,0.0,0.009144470751795586,0.0,0.0
2020-05-28,0.001998036793675606,-0.0,0.0021156635542418645,0.017447994385480114,0.017395104032450426
2020-05-29,-0.010040245008273496,0.0,-0.009653780534655487,0.014942298802532561,0.014772242450262485
2020-06-01,0.002485356792228499,-0.0,0.0016259905938742492,-0.0077188495139609015,-0.007336447140160407
2020-06-02,-0.0013338162185965174,0.0,-0.0013572581061034317,-0.002208898382049962,-0.0022024993028177953
2020-06-03,0.00316622251698484,0.0,0.0030402081162421712,-0.026963083245571173,-0.026911049707275647
2020-06-04,0.010466348234546619,-0.0,0.011180203762982677,-0.018012130048972008,-0.018333341178327134
2020-06-05,-0.0,0.0,-0.0,-0.019103587473409456,-0.01891784327063406
2020-06-08,0.0,0.0,0.0,-0.007054805231057282,-0.006997516199144294
2020-06-09,-0.0,-0.0,-0.0,0.023113027569061584,0.02314500169803374
2020-06-10,-0.0,-0.0,-0.0,0.038283239640077515,0.0381356895321221
2020-06-11,0.0,-0.0,0.0,0.057507395173392706,0.057413617857519805
2020-06-12,-0.0,0.0,-0.0,0.0,0.0
2020-06-15,-0.0,0.0,-0.0,0.0,0.0
2020-06-16,-0.0,0.0,-0.0,0.0,0.0
2020-06-17,-0.0,-0.0,-0.0,-0.0,-0.0
2020-06-18,-0.0,-0.0,-0.0,-0.0,-0.0
2020-06-19,0.0,-0.0,0.0,-0.0,-0.0
2020-06-22,-0.0,0.0,-0.0,-0.0,-0.0
2020-06-23,-0.0,0.0,-0.0,0.0,0.0
2020-06-24,0.0,-0.0,0.0,-0.0,-0.0
2020-06-25,-0.0,0.0,-0.0,0.0,0.0
2020-06-26,0.0,-0.0,0.0,-0.0,-0.0
2020-06-29,0.0,0.0,0.0,0.0,0.0
2020-06-30,-0.0,0.0,-0.0,0.0,0.0
2020-07-01,0.0,0.0,0.0,-0.0,-0.0
2020-07-02,0.0,0.0,0.0,0.0,0.0
2020-07-06,-0.0,0.0,-0.0,0.0,0.0
2020-07-07,0.0,-0.0,0.0,-0.0,-0.0
2020-07-08,-0.0,0.0,-0.0,0.0,0.0
2020-07-09,-0.0,-0.0,-0.0,-0.0,-0.0
2020-07-10,0.0,0.0,0.0,0.0,0.0
2020-07-13,0.0,-0.0,0.0,0.0,0.0
2020-07-14,-0.0,0.0,-0.0,-0.0,-0.0
2020-07-15,0.0,0.0,0.0,0.0,0.0
2020-07-16,0.0,-0.0,0.0,0.0,0.0
2020-07-17,-0.0,0.0,-0.0,-0.0,-0.0
2020-07-20,-0.0,0.0,-0.0,-0.0,-0.0
2020-07-21,0.0,0.0,0.0,0.0,0.0
2020-07-22,-0.0,0.0,-0.0,-0.0,-0.0
2020-07-23,0.0,-0.0,0.0,0.0,0.0
2020-07-24,-0.010280132375622308,-0.0,-0.010224379086822166,-0.0,-0.0
2020-07-27,0.012931933190025502,0.0,0.012990339871611578,-0.0,-0.0
2020-07-28,-0.009410086433237153,-0.0,-0.009238370252647732,0.0,0.0
2020-07-29,0.00853441448751191,0.0,0.008268393755454406,0.0,0.0
2020-07-30,0.008570960344563172,-0.0,0.008701983290059445,-0.0,-0.0
2020-07-31,0.01946723362920766,0.0,0.01942889125045122,-0.0,-0.0
2020-08-03,-0.0,0.0,-0.0,-0.0,-0.0
2020-08-04,0.0,0.0,0.0,-0.0,-0.0
2020-08-05,0.0,0.0,0.0,0.0,0.0
2020-08-06,-0.0,0.0,-0.0,-0.0,-0.0
2020-08-07,0.0,-0.0,0.0,0.0,0.0
2020-08-10,0.0,0.0,0.0,0.0,0.0
2020-08-11,0.0,-0.0,0.0,0.0,0.0
2020-08-12,-0.0,0.0,-0.0,-0.0,-0.0
2020-08-13,-0.0,-0.0,-0.0,-0.0,-0.0
2020-08-14,0.0,-0.0,0.0,0.0,0.0
2020-08-17,-0.0,0.0,-0.0,-0.0,-0.0
2020-08-18,-0.0,-0.0,-0.0,-0.0,-0.0
2020-08-19,-0.0,-0.0,-0.0,0.0,0.0
2020-08-20,-0.0,0.0,-0.0,-0.0,-0.0
2020-08-21,-0.0,0.0,-0.0,-0.0,-0.0
2020-08-24,0.0,0.0,0.0,0.0,0.0
2020-08-25,-0.0,0.0,-0.0,0.0,0.0
2020-08-26,-0.0,0.0,-0.0,-0.0,-0.0
2020-08-27,0.0,-0.0,0.0,0.0,0.0
2020-08-28,-0.0,0.0,-0.0,0.0,0.0
2020-08-31,-0.0,-0.0,-0.0,-0.0,-0.0
2020-09-01,-0.0,0.0,-0.0,-0.0,-0.0
2020-09-02,0.008837482963006904,0.0,0.008686321097458372,0.0,0.0
2020-09-03,0.0419987496411105,0.005291358644686883,0.04215806244020093,0.0,0.0
2020-09-04,0.0,-0.0,0.0,0.0,0.0
2020-09-08,0.0,-0.0,0.0,-0.0,-0.0
2020-09-09,0.018633580900986546,0.0029579337445370113,0.018455799611723167,0.0,0.0
2020-09-10,-0.009091696245432601,-0.0024443533753298885,-0.009193637371764485,-0.0,-0.0
2020-09-11,-0.010334368272799654,0.0001543613535527344,-0.010362667516187418,0.0,0.0
2020-09-14,0.012602830993496239,0.001777356065863156,0.012723340823446838,0.0,0.0
2020-09-15,0.00778396145470972,0.0006226444943738807,0.007816495062978435,-0.0,-0.0
2020-09-16,-0.014805380878459173,-0.0006324338307143185,-0.014818745309746806,0.0,0.0
2020-09-17,-0.0025253067816868313,-0.0014586383917092327,-0.002319962470956227,-0.0,-0.0
2020-09-18,-0.00630703526815668,-0.0014267007144894706,-0.0065085442191303855,0.0,0.0
2020-09-21,0.02202348383819719,-0.0014547359261762871,0.022019086099554164,-0.0,-0.0
2020-09-22,0.009430400144233797,0.001652234806922448,0.00937567255698557,-0.0,-0.0
2020-09-23,-0.014487834236996067,-0.0031177264737419774,-0.014564209456768396,-0.0,-0.0
2020-09-24,0.0007935129617326897,0.0006786638734689321,0.0007571017137593117,0.002890916200452398,0.0029058652785495243
2020-09-25,0.01382226823012389,0.002404699254901943,0.013915646657218561,0.004651590987573451,0.0046075124613153
2020-09-28,0.005174899015055745,0.0024069858601299954,0.00517424400578248,0.016753667130500527,0.016752856059278676
2020-09-29,-0.0,-0.0007411710970477436,-0.0,-0.008848615199480325,-0.008819188065232797
2020-09-30,-0.0,0.0010148670093673706,-0.0,0.010538071515401704,0.010508943756403655
2020-10-01,-0.0,0.0007933826438644154,-0.0,-0.0006210913802910945,-0.0006498215819111808
2020-10-02,0.0,-0.0014803794547687543,0.0,0.012088550562126987,0.012061500864092523
2020-10-05,-0.0,0.0026654958123596417,-0.0,0.0,0.0
2020-10-06,0.0,-0.0,0.0,-0.0,-0.0
2020-10-07,-0.0,0.0,-0.0,0.0,0.0
2020-10-08,0.0,0.0,0.0,0.0,0.0
2020-10-09,-0.0,0.0,-0.0,-0.0,-0.0
2020-10-12,-0.0,0.0,-0.0,0.0,0.0
2020-10-13,0.0,-0.0,0.0,-0.0,-0.0
2020-10-14,0.0,-0.0,0.0,-0.0,-0.0
2020-10-15,0.0,-0.0,0.0,0.0,0.0
2020-10-16,0.0,-0.0,0.0,0.0,0.0
2020-10-19,0.0,-0.0,0.0,-0.0,-0.0
2020-10-20,0.0,0.0,0.0,0.0,0.0
2020-10-21,0.0,-0.0,0.0,-0.0,-0.0
2020-10-22,0.0,0.0,0.0,0.0,0.0
2020-10-23,0.0,0.0,0.0,0.0,0.0
2020-10-26,0.0,-0.0,0.0,-0.0,-0.0
2020-10-27,-0.0,-0.0,-0.0,-0.0,-0.0
2020-10-28,0.0,-0.0,0.0,-0.0,-0.0
2020-10-29,-0.0,0.0018844499279895288,-0.0,0.0,0.0
2020-10-30,0.0,-0.0010585289438028722,0.0,0.0,0.0
2020-11-02,-0.007851015939603023,0.00166700379222251,-0.00764719399856939,0.0,0.0
2020-11-03,0.005218119809708099,0.0024607006855653646,0.005413257081446243,0.0,0.0
2020-11-04,0.025825635710618355,0.003334060317081722,0.02556560623738169,-0.0,-0.0
2020-11-05,0.018390834550395363,0.0,0.018433271182929367,0.0,0.0
2020-11-06,-0.0,-0.0,-0.0,-0.0,-0.0
2020-11-09,0.0,0.0,0.0,0.0,0.0
2020-11-10,0.0,-0.0,0.0,-0.0014743521773926127,-0.0013998841852341237
2020-11-11,-0.0,0.0,-0.0,0.011136403656175353,0.011034923053513612
2020-11-12,0.0,-0.0,-0.0,0.015084463664751357,0.01516133848636142
2020-11-13,0.0,0.0,0.0,-0.006917030624160214,-0.0070272169823253905
2020-11-16,0.0,0.0,0.0,-0.012304199927966442,-0.012332681503700094
2020-11-17,-0.0,-0.0,-0.0,0.0027545477961190556,0.002886935097163368
2020-11-18,0.0,-0.0,0.0,0.007225832546289779,0.007218338687270509
2020-11-19,-0.0,0.0,-0.0,0.0018630442045268758,0.0017929082721378498
2020-11-20,0.0,-0.0,0.0,0.008326208736110341,0.008386792122362874
2020-11-23,0.0,0.0,0.0,-0.01237259963948839,-0.012372354368647864
2020-11-24,0.0,0.0,0.0,-0.02221116089611097,-0.02226333946457415
2020-11-25,-0.0,-0.0,-0.0,0.007172078602701137,0.007223480130194804
2020-11-27,-0.0,0.0,-0.0,0.008330034547565646,0.00829915266797332
2020-11-30,-0.0,-0.0,-0.0,0.021451437918283578,0.021397903794889706
2020-12-01,0.0,0.0,0.0,-0.007230435797155987,-0.007197356188134829
2020-12-02,0.0,-0.0,0.0,-0.00649501759539195,-0.006485819078252741
2020-12-03,-0.0,-0.0,-0.0,0.0027708516463506028,0.0028072659064829475
2020-12-04,-0.0,0.0,-0.0,-0.004611948878307404,-0.004628187819351592
2020-12-07,-0.0,-0.0,-0.0,0.008950049951626349,0.009035763441648137
2020-12-08,-0.0,0.0,-0.0,0.004429043309139347,0.004358689659955006
2020-12-09,0.0,-0.0,0.0,0.000874798541121824,0.0009719677502930679
2020-12-10,-0.0,-0.0,-0.0,0.0007149170823729789,0.0006119761138020374
2020-12-11,0.0,-0.0,0.0,0.011494983424230998,0.011459088507561999
2020-12-14,-0.0,-0.0,-0.0,-0.0,-0.0
2020-12-15,-0.0,0.0,-0.0,0.0,0.0
2020-12-16,-0.0,-0.0,-0.0,-0.0,-0.0
2020-12-17,-0.0,0.0,-0.0,-0.0,-0.0
2020-12-18,0.0,-0.0,0.0,-0.0,-0.0
2020-12-21,-0.0,-0.0,-0.0,0.0,0.0
2020-12-22,-0.0,-0.0,-0.0,-0.0,-0.0
2020-12-23,0.013789124193314573,-0.0,0.013820379318856268,0.0,0.0
2020-12-24,-0.0025018917821528763,0.0,-0.002484318474356151,-0.0,-0.0
2020-12-28,0.0017594439007073692,0.0,0.0016628503801632277,-0.0,-0.0
2020-12-29,0.007624096746258857,-0.0,0.007647617276582697,-0.0,-0.0
2020-12-30,0.0010367670475417423,0.0,0.0011496013885596845,0.0,0.0
2020-12-31,0.005638953792076906,0.0,0.005144452819025203,0.0,0.0
2021-01-04,0.007536690175441452,-0.0,0.007707011895788263,-0.0,-0.0
2021-01-05,-0.0,0.0,-0.0,-0.0,-0.0
2021-01-06,0.0,0.0,0.0,0.0,0.0
2021-01-07,-0.0,0.0,-0.0,0.0,0.0
2021-01-08,-0.0,0.0,-0.0,-0.0,-0.0
2021-01-11,0.0,-0.0,0.0,0.0,0.0
2021-01-12,0.0,-0.0,0.0,0.0,0.0
2021-01-13,-0.0,0.0,-0.0,-0.0,-0.0
2021-01-14,0.0,-0.0,0.0,0.0,0.0
2021-01-15,0.0,-0.0,0.0,-0.0,-0.0
2021-01-19,-0.0,0.0,-0.0,-0.0,-0.0
2021-01-20,-0.0,0.0,-0.0,-0.0,-0.0
2021-01-21,-0.0,-0.0,-0.0,-0.0,-0.0
2021-01-22,0.0,-0.0,0.0,-0.0,-0.0
2021-01-25,-0.0,0.0,-0.0,-0.0,-0.0
2021-01-26,0.0,-0.0,0.0,-0.0,-0.0
2021-01-27,0.0,-0.0,0.0,-0.0,-0.0
2021-01-28,0.0,0.0,0.0,0.014651898975396038,0.014721961566308728
2021-01-29,0.0,-0.0,0.0,-0.009590118821355631,-0.009659537035136945
2021-02-01,-0.0,0.002573871138032313,-0.0,0.005676105004231713,0.0058086742394029
2021-02-02,-0.0,0.0018206592504191876,-0.0,0.01671363231576778,0.016689240376696057
2021-02-03,0.0,-5.5238599153906165e-05,0.0,0.004511965086550773,0.004513730574844443
2021-02-04,-0.0,0.001418365064826177,-0.0,0.014845313140228411,0.014864931266890813
2021-02-05,0.0,0.0,0.0,-0.003046623600695686,-0.0030407698183790854
2021-02-08,-0.0,0.0,-0.0,0.007461829443321799,0.007322732778775098
2021-02-09,0.0,-0.0,0.0,-0.0,-0.0
2021-02-10,0.0,-0.0,0.0,-0.0,-0.0
2021-02-11,-0.0,-0.0,-0.0,-0.0,-0.0
2021-02-12,-0.0,0.0,-0.0,0.0,0.0
2021-02-16,0.0,-0.0,0.0,0.0,0.0
2021-02-17,0.0,-0.0,0.0,0.0,0.0
2021-02-18,0.0,-0.0,0.0,-0.0,-0.0
2021-02-19,-0.0,-0.0,-0.0,0.0,0.0
2021-02-22,0.0,-0.0,0.0,0.0,0.0
2021-02-23,-0.0077116884632562055,0.0,-0.007868961727798052,0.0,0.0
2021-02-24,0.005846434537934986,0.0,0.005804459113074589,0.0,0.0
2021-02-25,-0.02098190311114001,-0.0,-0.02085911003197416,-0.0,-0.0
2021-02-26,0.014294551745178463,-0.0006163833587495837,0.014208054886393429,-0.0,-0.0
2021-03-01,0.01538542441794366,0.0033125777085802888,0.015392377312941186,0.0,0.0
2021-03-02,-0.013749885264375372,-0.0012903078877475327,-0.013643380947458095,-0.0,-0.0
2021-03-03,-0.019481817784812616,-0.0017959720153366554,-0.019580204415704072,0.0,0.0
2021-03-04,-0.017360230899930773,-0.0016519811224801062,-0.017360534112069947,-0.0,-0.0
2021-03-05,0.0029521219619210726,0.002597085758640816,0.002983406304931435,0.0,0.0
2021-03-08,-0.024505485198537125,-0.0007714772847607909,-0.024406797437714234,0.0,0.0
2021-03-09,0.03318866818808974,0.0021150156170892664,0.03299849389873266,-0.0,-0.0
2021-03-10,-0.009664002818690953,0.0008367072199091385,-0.009756354367226328,0.0,0.0
2021-03-11,0.020482071785465017,0.0,0.020617486645786665,-0.0,-0.0
2021-03-12,-0.009285770545835126,-0.0,-0.0090693099421848,0.0,0.0
2021-03-15,0.009785271146476537,0.0,0.009872975159745945,-0.0,-0.0
2021-03-16,0.008468311659590055,-0.0,0.008315401786019194,-0.0,-0.0
2021-03-17,-0.002295145230218454,0.0,-0.002433690818657075,0.0,0.0
2021-03-18,-0.023655860604323564,-0.0,-0.023692996432576496,0.0,0.0
2021-03-19,0.002549010520216166,-0.0,0.002543102324035873,-0.0,-0.0
2021-03-22,0.015124108929093216,0.0,0.015044428048144765,-0.0,-0.0
2021-03-23,-0.0005977547236533098,-0.0,-0.0005144578114348874,-0.0,-0.0
2021-03-24,-0.012464653466807585,-0.0,-0.012499778871368106,0.0,0.0
2021-03-25,-0.003922367967841511,0.0,-0.0038373002539504597,0.0,0.0
2021-03-26,0.013795357291677357,0.0,0.01385426186983385,0.0,0.0
2021-03-29,-0.007499651594091716,-0.0,-0.007498617375440997,-0.0,-0.0
2021-03-30,-0.003923163912595173,-0.0,-0.003744750846327749,0.0,0.0
2021-03-31,0.016985121708934514,0.0,0.016835486805849342,-0.0,-0.0
2021-04-01,0.014836093577298204,0.0,0.014740786157639407,0.0,0.0
2021-04-05,-0.0,0.0,-0.0,-0.0,-0.0
2021-04-06,0.0,-0.0,0.0,-0.0,-0.0
2021-04-07,-0.0,-0.0,-0.0,0.0,0.0
2021-04-08,-0.0,0.0,-0.0,-0.0,-0.0
2021-04-09,-0.0,0.0,-0.0,0.0,0.0
2021-04-12,0.0,-0.0,0.0,0.0,0.0
2021-04-13,-0.0,0.0,-0.0,-0.0,-0.0
2021-04-14,0.0,-0.0,0.0,0.0,0.0
2021-04-15,-0.0,0.0,-0.0,-0.0,-0.0
2021-04-16,0.0,-0.0,0.0,0.0,0.0
2021-04-19,0.0,-0.0,0.0,-0.0,-0.0
2021-04-20,0.0,-0.0,0.0,-0.0,-0.0
2021-04-21,-0.0,0.0,-0.0,0.0,0.0
2021-04-22,0.0,-0.0,0.0,-0.0,-0.0
2021-04-23,-0.0,0.0,-0.0,0.0,0.0
2021-04-26,-0.0,-0.0,-0.0,0.0,0.0
2021-04-27,0.0,-0.0,0.0,0.0,0.0
2021-04-28,0.0,-0.0,0.0,0.0,0.0
2021-04-29,0.0,0.0,0.0,0.0,0.0
2021-04-30,0.0,-0.0,0.0,-0.0,-0.0
2021-05-03,0.0,0.0,0.0,0.0,0.0
2021-05-04,0.0,-0.0,0.0,0.0,0.0
2021-05-05,0.0,0.0,0.0,0.0,0.0
2021-05-06,-0.0,0.0,-0.0,0.0,0.0
2021-05-07,-0.0,0.0,-0.0,-0.0,-0.0
2021-05-10,0.0,-0.0,0.0,0.0,0.0
2021-05-11,-0.0,-0.0,-0.0,-0.0,-0.0
2021-05-12,0.0,-0.0,0.0,-0.0,-0.0
2021-05-13,-0.0,0.0018281952248139222,-0.0,0.0,0.0
2021-05-14,-0.0,0.0019792276784125207,-0.0,0.0,0.0
2021-05-17,0.0,-0.0,0.0,0.0,0.0
2021-05-18,-0.0,-0.0,-0.0,-0.0,-0.0
2021-05-19,-0.0,-0.0,-0.0,-0.0,-0.0
2021-05-20,-0.0,0.0,-0.0,-0.0,-0.0
2021-05-21,0.0,-0.0,0.0,0.0,0.0
2021-05-24,-0.0,0.0,-0.0,-0.0,-0.0
2021-05-25,-0.0,-0.0,-0.0,-0.0,-0.0
2021-05-26,-0.0,0.0,-0.0,0.0,0.0
2021-05-27,0.0,-0.0,0.0,0.0,0.0
2021-05-28,-0.0,0.0,-0.0,-0.0,-0.0
2021-06-01,0.0,-0.0,0.0,0.0,0.0
2021-06-02,-0.0,0.0,-0.0,-0.0,-0.0
2021-06-03,0.0,-0.0,0.0,0.0,0.0
2021-06-04,-0.0,0.0,-0.0,-0.0,-0.0
2021-06-07,-0.0,-0.0,-0.0,-0.0,-0.0
2021-06-08,-0.0,0.0,-0.0,-0.0,-0.0
2021-06-09,-0.0,-0.0,-0.0,-0.0,-0.0
2021-06-10,-0.0,0.0,-0.0,-0.0,-0.0
2021-06-11,-0.0,0.0,-0.0,0.005524140313593495,0.00552740235718413
2021-06-14,-0.0,0.0,-0.0,-0.010936922111956349,-0.01101193581340787
2021-06-15,0.0,-0.0,0.0,0.0032508525080272577,0.003312787319988575
2021-06-16,0.0,-0.0,0.0,0.002078747677485948,0.0020557369831111783
2021-06-17,-0.0,-0.0,-0.0,-0.027806471985563408,-0.027813051681715384
2021-06-18,-0.0,-0.0,-0.0,-0.014552214644525052,-0.014569924946353396
2021-06-21,0.0,0.002123628190705107,0.0,0.017696290958256977,0.017801769573206894
2021-06-22,-0.0,0.0011140241781315563,-0.0,0.0007635658284463331,0.0010444470813659734
2021-06-23,0.0,-0.0,0.0,0.004099199449040969,0.0037878605706015978
2021-06-24,-0.0,0.0,-0.0,0.010317612167249524,0.010376324346032861
2021-06-25,0.0,0.0,0.0,0.010434435388443464,0.010372908164008876
2021-06-28,-0.0,0.0,-0.0,-0.007633752899096957,-0.007683140071860162
2021-06-29,-0.0,-0.0,-0.0,-0.002917057408422463,-0.0028667817807319085
2021-06-30,0.0,-0.0,0.0,0.004565670650742926,0.004546798510052408
2021-07-01,0.0,0.0,0.0,0.005362193849497265,0.005310753364583143
2021-07-02,-0.0,0.0,-0.0,-0.004377170291751498,-0.004354500516915383
2021-07-06,-0.0,0.0,-0.0,-0.013492162358683113,-0.013141171417432207
2021-07-07,0.0,-0.0,0.0,0.0009405339207905761,0.0006579974965013613
2021-07-08,0.0,-0.0,0.0,-0.013893623445865644,-0.01395406589720033
2021-07-09,0.0,0.0,0.0,0.023818124016255493,0.02384504685114336
2021-07-12,0.0,0.0,0.0,0.008165057067618886,0.00811016645196494
2021-07-13,-0.0,-0.0,-0.0,-0.008382529261598992,-0.008330033064914089
2021-07-14,-0.0,0.0,-0.0,-0.004383302971903036,-0.0043015634579773865
2021-07-15,0.0,-0.0,0.0,0.005669274312211758,0.005670654620821114
2021-07-16,0.0,-0.0,0.0,-0.008575696231972796,-0.008715010994284678
2021-07-19,0.0,-0.0,0.0,-0.018505507610358907,-0.018421132314044575
2021-07-20,-0.0,0.001803092225202918,-0.0,0.018494943192755353,0.0184165814717811
2021-07-21,-0.0,0.0010005132336269318,-0.0,0.013376568909318765,0.013377981090367252
2021-07-22,-0.0,0.0,-0.0,-0.010994663121427162,-0.011027632136737242
2021-07-23,-0.0,0.0,-0.0,-0.0023050163318214523,-0.0020922269941069938
2021-07-26,0.0,-0.0,0.0,0.0053976466232731335,0.005290592176452835
2021-07-27,0.0,-0.0,0.0,0.0027125308709856077,0.0027144875599539597
2021-07-28,-0.0,-0.0,-0.0,-0.0004520673967172151,-0.00038735681919932485
2021-07-29,-0.0,0.0,-0.0,0.0089899489129327,0.008845860607939848
2021-07-30,-0.0,-0.0,-0.0,-0.0,-0.0
2021-08-02,0.0,-0.0,0.0,0.0,0.0
2021-08-03,0.0,0.0,0.0,0.0,0.0
2021-08-04,-0.0,-0.0,-0.0,-0.0,-0.0
2021-08-05,-0.0,0.0,-0.0,0.0,0.0
2021-08-06,0.0,-0.0,0.0,0.0,0.0
2021-08-09,0.0,-0.0,0.0,0.0,0.0
2021-08-10,0.0,0.0,0.0,0.0,0.0
2021-08-11,0.0,0.0,0.0,0.0,0.0
2021-08-12,-0.0,0.0,-0.0,-0.0,-0.0
2021-08-13,-0.0,-0.0,-0.0,-0.0,-0.0
2021-08-16,0.0,-0.0,0.0,-0.0,-0.0
2021-08-17,0.0,-0.0,0.0,-0.0,-0.0
2021-08-18,0.0,-0.0,0.0,-0.0,-0.0
2021-08-19,-0.0,0.00024378417714654432,-0.0,-0.0,-0.0
2021-08-20,-0.0,0.001010486995032145,-0.0,0.0,0.0
2021-08-23,-0.0,0.0011360030639052665,-0.0,0.0,0.0
2021-08-24,0.0,-0.0,0.0,0.0,0.0
2021-08-25,0.0,0.0,0.0,0.0,0.0
2021-08-26,0.0,-0.0,0.0,-0.0,-0.0
2021-08-27,-0.0,0.0,-0.0,0.0,0.0
2021-08-30,-0.0,0.0,-0.0,-0.0,-0.0
2021-08-31,0.0,-0.0,0.0,-0.0,-0.0
2021-09-01,0.0,-0.0,0.0,-0.0,-0.0
2021-09-02,0.0,0.0,0.0,0.0,0.0
2021-09-03,-0.0,-0.0,-0.0,-0.0,-0.0
2021-09-07,-0.0,-0.0,-0.0,-0.0,-0.0
2021-09-08,0.0,-0.0,0.0,-0.0,-0.0
2021-09-09,0.0,-0.0,0.0,0.0,0.0
2021-09-10,0.0,-0.0,0.0,-0.0,-0.0
2021-09-13,0.0,0.0005328847851447938,0.0,0.0,0.0
2021-09-14,-0.0,-0.000802761843102795,-0.0,-0.0,-0.0
2021-09-15,-0.0,0.0011547119960119145,-0.0,0.0,0.0
2021-09-16,-0.0,-3.192156503573074e-05,-0.0,-0.0,-0.0
2021-09-17,0.0,-0.0014284329568536869,0.0,0.0,0.0
2021-09-20,0.0,-0.0020421120848457264,0.0,-0.0,-0.0
2021-09-21,-0.0,-0.0002697083807657874,-0.0,0.0,-0.0
2021-09-22,-0.0,0.0013779544876534322,-0.0,0.0,0.0
2021-09-23,-0.0,0.001828310848225545,-0.0,0.0,0.0
2021-09-24,0.0,-1.4832197846925688e-05,0.0,0.0,0.0
2021-09-27,0.0,-0.000168732714109332,0.0,0.0,0.0
2021-09-28,0.0,-0.0028684373283047737,0.0,-0.0,-0.0
2021-09-29,-0.0037928464432119835,0.0003565379645065203,-0.003762642704995045,-0.0,-0.0
2021-09-30,0.006146915164116917,-0.0013653092167242864,0.00598696954047595,-0.0,-0.0
2021-10-01,0.00515314430042868,0.0017775997201044946,0.005167500344378517,0.0,0.0
2021-10-04,-0.015882665601951063,-0.0015377158694056536,-0.01596300210459911,-0.0,-0.0
2021-10-05,0.007568079017932439,0.0015268644352344207,0.0076352996856923205,0.0,0.0
2021-10-06,0.004513985535040899,0.0005927216899770382,0.00460293055366745,-0.0,-0.0
2021-10-07,0.004940553778962409,0.0015160362962818308,0.004591512606427983,-0.0,0.0
2021-10-08,-0.003900441032608226,-0.0005286205201192606,-0.0035575898247584004,0.0,0.0
2021-10-11,0.0009937404703597164,-0.0007607185607432232,0.0007749462481863034,-0.0,-0.0
2021-10-12,-3.7147209446919405e-05,-0.00020870215382051693,-9.128050552509315e-05,-0.0,-0.0
2021-10-13,0.0066613036131975,0.0005915310068219659,0.0066278802005252935,-0.0,-0.0
2021-10-14,0.008755051649287804,0.002028476782913957,0.009040808305602832,0.0,0.0
2021-10-15,-0.0,0.0,-0.0,0.0,0.0
2021-10-18,-0.0,0.0,-0.0,-0.0,-0.0
2021-10-19,-0.0,0.0,-0.0,0.0,0.0
2021-10-20,0.0,0.0,0.0,0.0,0.0
2021-10-21,-0.0,0.0,-0.0,-0.0,-0.0
2021-10-22,0.0,-0.0,0.0,0.0,0.0
2021-10-25,-0.0,0.0,0.0,-0.0,-0.0
2021-10-26,-0.0,-0.0,-0.0,-0.0,-0.0
2021-10-27,0.0,-0.0,0.0,-0.0,-0.0
2021-10-28,-0.0,0.0,-0.0,0.0,0.0
2021-10-29,-0.0,0.0,-0.0,-0.0,-0.0
2021-11-01,0.0,-0.0,0.0,-0.0,-0.0
2021-11-02,-0.0,0.0,-0.0,-0.0,-0.0
2021-11-03,-0.0,0.0,-0.0,-0.0,-0.0
2021-11-04,-0.0,0.0,-0.0,-0.0,-0.0
2021-11-05,0.0,0.0,0.0,-0.0,-0.0
2021-11-08,-0.0,-0.0,-0.0,0.0,0.0
2021-11-09,0.0,-0.0,0.0,-0.0,-0.0
2021-11-10,0.0,-0.0,0.0,0.0,0.0
2021-11-11,-0.0,-0.0,-0.0,0.0,0.0
2021-11-12,-0.0,0.0,-0.0,-0.0,-0.0
2021-11-15,0.0,-0.0,0.0,-0.0,-0.0
2021-11-16,-0.0,0.0,-0.0,-0.0,-0.0
2021-11-17,0.0,-0.0,0.0,-0.0,-0.0
2021-11-18,-0.0,0.0,-0.0,-0.0,-0.0
2021-11-19,-0.0,-0.0,-0.0,-0.0,-0.0
2021-11-22,0.0,-0.0,0.0,0.01607322481918433,0.01616329563606056
2021-11-23,0.0,-0.0,0.0,0.014573741979193644,0.01454379830135022
2021-11-24,-0.0,0.0,-0.0,-0.0,-0.0
2021-11-26,0.0,-0.0,0.0,-0.0,-0.0
2021-11-29,-0.0,0.0,-0.0,-0.0,-0.0
2021-11-30,-0.0,-0.0,-0.0,-0.0,-0.0
2021-12-01,0.0,-0.0,0.0,-0.003098011833203851,-0.002809384890374911
2021-12-02,0.0,0.0,0.0,0.022538527504430028,0.02249548059245665
2021-12-03,0.0,-0.0,0.0,-0.0104076865182543,-0.01027623942982342
2021-12-06,0.0,0.0,0.0,0.010054552340189649,0.009956867260483449
2021-12-07,-0.0,0.0,-0.0,0.007708520852282741,0.007667873968605243
2021-12-08,-0.0,0.0,-0.0,-0.005887562406235225,-0.005879671935065389
2021-12-09,0.0,-0.0,0.0,0.002090696514346513,0.0020888059852672836
2021-12-10,-0.0,0.0,-0.0,-0.0028835362149695065,-0.00296350127457784
2021-12-13,0.0,-0.0,0.0,-0.0050860912260835,-0.005082781883149312
2021-12-14,0.0,-0.0,0.0,0.010007618996997314,0.01010270295961918
2021-12-15,-0.0,0.0,-0.0,-0.0042467480572601635,-0.004288117256360802
2021-12-16,0.0,-0.0,0.0,0.016765402599734247,0.016937522644573932
2021-12-17,-0.0,-0.0,-0.0,-0.0,-0.0
2021-12-20,0.0,-0.0,0.0,-0.0,-0.0
2021-12-21,-0.0,0.0,-0.0,0.0,0.0
2021-12-22,-0.0,0.0,-0.0,0.0,0.0
2021-12-23,0.0,0.0,0.0,0.0,0.0
2021-12-27,-0.0,0.0,-0.0,0.0,0.0
2021-12-28,0.0,-0.0,0.0,0.0,0.0
2021-12-29,0.0,0.0,0.0,-0.0,-0.0
2021-12-30,0.0,-0.0,0.0,0.0,0.0
2021-12-31,0.0,-0.0,0.0,-0.0,-0.0
2022-01-03,-0.0,0.0,-0.0,0.0,0.0
2022-01-04,0.0,-0.0,0.0,0.0,0.0
2022-01-05,0.0,-0.0,0.0,-0.0,-0.0
2022-01-06,-0.0027299418585058355,-0.0,-0.002532987937317044,0.0,0.0
2022-01-07,-0.006993808869752094,-0.0,-0.007035330073372759,0.0,0.0
2022-01-10,0.004362111466732488,0.0,0.0037518284291537807,0.0054298346372324,0.005126701140970136
2022-01-11,0.006936607365473968,0.0,0.007678898699308601,-0.0013559885161072427,-0.0009761555947992995
2022-01-12,0.0021239784666329253,0.0,0.002067038566660573,0.0032054652664486594,0.0031769801891728955
2022-01-13,-0.019178991173116833,-0.0,-0.019111772936775795,-0.0006404354433999226,-0.0006099677829053962
2022-01-14,0.010547280427973815,0.0,0.010476595582561643,0.012474874620394982,0.012440490975841989
2022-01-18,-0.011722330851728247,-0.0,-0.011680869776257374,0.014273246469271306,0.014291496316361674
2022-01-19,-0.004731837485093315,-0.0012327728710155306,-0.004685767816209774,0.011720747789987052,0.01174205450923671
2022-01-20,-0.0020412733857788634,-0.00118337106229649,-0.0020794955859797515,-0.0,-0.0
2022-01-21,-0.004717513424693509,-0.002422146953865667,-0.004562396488129394,-0.0,-0.0
2022-01-24,0.006138737649939774,0.0016247921325162062,0.005411854405463767,0.0,0.0
2022-01-25,-0.016049100941812666,-0.0018316389111820985,-0.015336852212689323,0.0,0.0
2022-01-26,0.008635768989171844,-1.5370666521907772e-05,0.008813237010198538,0.0,0.0
2022-01-27,-0.002841156278140078,4.42660085113733e-05,-0.0031196103113670937,-0.0,-0.0
2022-01-28,0.02755141447708498,0.00402587011957356,0.027167787356257023,0.0,0.0
2022-01-31,0.018663320911340486,0.002550583433013953,0.018721000746831917,-0.0,-0.0
2022-02-01,0.0,0.0008584720658216805,0.0,0.0,0.0
2022-02-02,0.0,0.0,0.0,0.0,0.0
2022-02-03,0.0,-0.0,0.0,0.0,0.0
2022-02-04,-0.0,0.0,-0.0,0.0,0.0
2022-02-07,0.0,-0.0,0.0,0.0,0.0
2022-02-08,-0.0,0.0,-0.0,0.0,0.0
2022-02-09,-0.0,0.0,-0.0,-0.0,-0.0
2022-02-10,0.0,-0.0,0.0,-0.0,-0.0
2022-02-11,0.0,-0.0,0.0,-0.0,-0.0
2022-02-14,-0.0,-0.0,-0.0,-0.0,-0.0
2022-02-15,-0.0,0.0,-0.0,0.0,0.0
2022-02-16,0.0,0.0,0.0,-0.0,-0.0
2022-02-17,0.0,-0.0,0.0,-0.0,-0.0
2022-02-18,0.0,-0.0,0.0,0.0,0.0
2022-02-22,-0.0,-0.0,-0.0,0.0,0.0
2022-02-23,0.0,-0.0,0.0,-0.0,-0.0
2022-02-24,-0.0,0.0,-0.0,-0.0,-0.0
2022-02-25,0.0,0.0,0.0,0.0,0.0
2022-02-28,-0.0,-0.0,-0.0,-0.0,-0.0
2022-03-01,0.0,-0.0,0.0,-0.0,-0.0
2022-03-02,-0.0,0.0,-0.0,0.017609899546289443,0.017690443527930533
2022-03-03,0.0,-0.0,0.0,0.0007840019244160779,0.000696837889184454
2022-03-04,0.0,-0.0,0.0,-0.012542130494984094,-0.012332163533972762
2022-03-07,0.0,-0.0,0.0,-0.018568838815231747,-0.018627047670027375
2022-03-08,-0.0,-0.0,-0.0,0.0012396303279706977,0.0011749176319091892
2022-03-09,-0.0,0.0,-0.0,0.02425484192167393,0.024213105767237286
2022-03-10,0.0,-0.0,0.0,-0.004125302188963509,-0.0040867316089519545
2022-03-11,0.0,-0.0,0.0,0.0013160718518293035,0.0011978493859274297
2022-03-14,0.0,-0.0,0.0,0.01712915270042953,0.01725786162638232
2022-03-15,0.020587760044419756,0.0,0.020595474797839852,0.0035038482267412685,0.003496086970140755
2022-03-16,0.02309967178140293,0.0,0.023058572150872925,0.016097366199425867,0.016113486271481514
2022-03-17,-0.0,0.0,-0.0,0.0,0.0
2022-03-18,-0.0,0.0,-0.0,-0.0,-0.0
2022-03-21,0.0,-0.0,0.0,-0.0,-0.0
2022-03-22,-0.0,0.0,-0.0,0.0,0.0
2022-03-23,0.0,-0.0,0.0,-0.0,-0.0
2022-03-24,-0.0,0.0,-0.0,0.0,0.0
2022-03-25,0.0,0.0,0.0,0.0,0.0
2022-03-28,-0.0,0.0,-0.0,-0.0,-0.0
2022-03-29,-0.0,0.0,-0.0,-0.0,-0.0
2022-03-30,0.012731726028222257,0.0011659784298119202,0.01277681721883317,-0.0,-0.0
2022-03-31,0.001994033228286618,0.0023473571777118396,0.0020190162975510795,-0.0,-0.0
2022-04-01,0.005990480813022003,-0.0005442949092521188,0.00639448395085962,-0.0,-0.0
2022-04-04,-0.014408397475741852,-0.0007372024267751076,-0.014642391355055517,-0.0,-0.0
2022-04-05,0.016146761202723958,0.001720176926112038,0.016386435692551604,0.0,0.0
2022-04-06,0.022451120923508094,0.0017001270036838267,0.022161400387102903,-0.0,-0.0
2022-04-07,0.0,-0.0007049206732283597,0.0,-0.0,-0.0
2022-04-08,0.0,0.0004399895983079327,0.0,0.0,0.0
2022-04-11,0.0,0.002178757790554431,0.0,0.0,0.0
2022-04-12,-0.0,-0.0,-0.0,-0.0,-0.0
2022-04-13,-0.0,0.0,-0.0,-0.0,-0.0
2022-04-14,0.0,-0.0,0.0,-0.0,-0.0
2022-04-18,-0.0,0.0,-0.0,0.0,0.0
2022-04-19,-0.0,0.0,-0.0,0.0,0.0
2022-04-20,0.0,-0.0,0.0,0.0,0.0
2022-04-21,0.0,-0.0,0.0,-0.0,-0.0
2022-04-22,0.0,-0.0,0.0,-0.0,-0.0
2022-04-25,-0.0,0.0,-0.0,0.0,0.0
2022-04-26,0.0,-0.0,0.0,-0.0,-0.0
2022-04-27,-0.0,0.0,-0.0,-0.0,-0.0
2022-04-28,-0.0,0.0,-0.0,0.0,0.0
2022-04-29,0.0,-0.0,0.0,-0.0,-0.0
2022-05-02,-0.0,0.0,-0.0,0.0,-0.0
2022-05-03,0.0,0.0,0.0,0.0,0.0
2022-05-04,-0.0,0.0,-0.0,0.0,0.0
2022-05-05,0.0,-0.0,0.0,-0.0,-0.0
2022-05-06,0.0,-0.0,0.0,-0.0,-0.0
2022-05-09,0.0,-0.0,0.0,-0.0,-0.0
2022-05-10,-0.0,0.0012006083921801691,-0.0,-0.0,-0.0
2022-05-11,0.0,-0.0016865334081276329,0.0,0.0,0.0
2022-05-12,0.0,0.000853506209127608,0.0,-0.0,-0.0
2022-05-13,-0.0,0.0033973243165896783,-0.0,0.0,0.0
2022-05-16,0.0,-1.23960727668182e-05,0.0,-0.0,-0.0
2022-05-17,-0.0,0.0030257348164666187,-0.0,0.0,0.0
2022-05-18,0.0,-0.0,0.0,-0.0,-0.0
2022-05-19,0.0,-0.0,0.0,-0.0,-0.0
2022-05-20,-0.0,0.0,-0.0,-0.0,-0.0
2022-05-23,-0.0,0.0,-0.0,0.0,0.0
2022-05-24,0.0,-0.0,0.0,0.0,0.0
2022-05-25,-0.0,0.0,-0.0,0.0,0.0
2022-05-26,-0.0,0.0,-0.0,0.0,0.0
2022-05-27,-0.0,0.0,-0.0,0.0,0.0
2022-05-31,0.0,-0.0,0.0,-0.0,-0.0
2022-06-01,-0.0,-0.0,-0.0,-0.0,-0.0
2022-06-02,-0.0,0.0,-0.0,0.0,0.0
2022-06-03,0.0,-0.0,0.0,-0.0,-0.0
2022-06-06,0.0,0.0,0.0,0.0,0.0
2022-06-07,-0.0,0.0,-0.0,0.0,0.0
2022-06-08,0.0,-0.0,0.0,-0.0,-0.0
2022-06-09,0.0,-0.0,0.0,-0.0,-0.0
2022-06-10,0.0,-0.0,0.0,-0.0,-0.0
2022-06-13,0.0,-0.0,0.0,-0.0,-0.0
2022-06-14,-0.0,-0.0,-0.0,-0.0,-0.0
2022-06-15,-0.0,0.0,-0.0,0.0,0.0
2022-06-16,0.0,-0.0,0.0,-0.0,-0.0
2022-06-17,-0.0,0.0,-0.0,0.0,0.0
2022-06-21,-0.0,0.0,-0.0,0.0,0.0
2022-06-22,0.0,0.0,0.0,0.0,0.0
2022-06-23,-0.0,0.0,-0.0,-0.0,-0.0
2022-06-24,-0.0,0.0,-0.0,0.0,0.0
2022-06-27,0.0,-0.0,0.0,-0.0,-0.0
2022-06-28,0.0,-0.0,0.0,0.0,0.0
2022-06-29,-0.0,0.0,-0.0,-0.0,-0.0
2022-06-30,0.0,-0.0,0.0,-0.0,-0.0
2022-07-01,0.0,0.0,0.0,0.0,0.0
2022-07-05,-0.0,0.0,-0.0,-0.0,-0.0
2022-07-06,-0.0,0.0,-0.0,-0.0,-0.0
2022-07-07,-0.0,0.0,-0.0,0.0,0.0
2022-07-08,-0.0,-0.0,-0.0,-0.0,-0.0
2022-07-11,0.0,-0.0,0.0,-0.0,-0.0
2022-07-12,0.0,-0.0,0.0,-0.0,-0.0
2022-07-13,-0.0,-0.0,-0.0,-0.0,-0.0
2022-07-14,-0.0,-0.0,-0.0,-0.0,-0.0
2022-07-15,-0.0,0.0,-0.0,0.0,0.0
2022-07-18,0.0,-0.0,0.0,0.0,0.0
2022-07-19,-0.0,0.0,-0.0,0.0,0.0
2022-07-20,-0.0,0.0,-0.0,0.0,0.0
2022-07-21,-0.006536748300016937,0.0,-0.0065641760518753145,0.0,0.0
2022-07-22,0.011321138739382564,0.0017922799540018852,0.010946830774166028,-0.0,-0.0
2022-07-25,0.009402727517633824,-0.00019040216443133584,0.009582031168491545,0.0,0.0
2022-07-26,0.011558939265718493,0.0017146795400311277,0.011588381092613398,-0.0,-0.0
2022-07-27,-0.026027760047926174,-0.003527999249773983,-0.025911296053372945,0.0,0.0
2022-07-28,-0.0038104270015208996,-0.0013214668586030154,-0.003962727597929705,0.0,0.0
2022-07-29,-0.004000035402850655,-0.001408771366936512,-0.004270242687031134,0.0,0.0
2022-08-01,0.00027412461605025307,0.0006022536558808467,0.000523547450824946,-0.0,-0.0
2022-08-02,0.001253962885657156,0.001446454493318483,0.0010312858081618081,-0.0,-0.0
2022-08-03,-0.01795306671192254,-0.0018683233441908476,-0.017874760156605607,0.0,0.0
2022-08-04,-0.002788938638826899,0.0002539152038369963,-0.002508593374690893,-0.0,-0.0
2022-08-05,0.0021703681026670196,0.0005539598481983932,0.002225330686598248,0.0,0.0
2022-08-08,0.009358180281381578,0.000737707258691489,0.00906513908249118,-0.0,-0.0
2022-08-09,0.012181832340727228,0.0006590480175864277,0.01239298081135165,0.0,0.0
2022-08-10,-0.014715834664731808,-0.0025902538174888967,-0.014651742874936868,0.0,0.0
2022-08-11,0.008892331144716437,0.0007016576008952446,0.0085422306280587,0.0,0.0
2022-08-12,-0.007414433709852286,-0.0022605728586853058,-0.006954104400995531,-0.004872539291250366,-0.005096278723715264
2022-08-15,-0.0013249417152099152,0.0001827727450898209,-0.0016035831174447956,0.004438033249061224,0.004576375109514641
2022-08-16,0.007788690598474091,0.000339362384930042,0.007664022964560591,-0.0039491914933772465,-0.003889746491885504
2022-08-17,0.004109059809304316,0.001091585252597782,0.004521211376664613,0.0036321249906229314,0.003429291589425121
2022-08-18,-0.002185261913266734,4.8324311817782295e-05,-0.0022252057409788417,0.0023065921073270323,0.0023289976384464617
2022-08-19,0.01150924815508092,0.002396556364928748,0.011290576004291175,0.014446815599612695,0.014553080463095336
2022-08-22,0.013404598763201436,0.0029702818189117908,0.013540854907190036,0.012111189319676974,0.012041699540424666
2022-08-23,0.0,-0.0,0.0,-0.0,0.0031176809539379957
2022-08-24,0.0,0.0,0.0,0.0,0.0
2022-08-25,-0.0,0.0,-0.0,0.0,0.0
2022-08-26,0.0,-0.0,0.0,-0.0,-0.0
2022-08-29,0.0,-0.0,0.0,-0.0,-0.0
2022-08-30,0.0,-0.0,0.0,0.0,0.0
2022-08-31,0.0,-0.0,0.0,-0.0,-0.0
2022-09-01,0.0,0.0,0.0,0.0,0.0
2022-09-02,0.0,-0.0,0.0,-0.0,-0.0
2022-09-06,0.0,-0.0,0.0,-0.0,-0.0
2022-09-07,-0.0,0.0,-0.0,0.0,0.0
2022-09-08,-0.0,0.0,-0.0,0.0,0.0
2022-09-09,-0.0,0.0,-0.0,0.0,0.0
2022-09-12,-0.0,0.0,-0.0,0.0,0.0
2022-09-13,0.0,-0.0,0.0,-0.0,-0.0
2022-09-14,-0.0,0.0,-0.0,-0.0,-0.0
2022-09-15,0.0,-0.0,0.0,0.0,0.0
2022-09-16,-0.0,-0.0,-0.0,-0.0,-0.0
2022-09-19,-0.0,0.0,-0.0,0.0,0.0
2022-09-20,-0.0,-0.0,-0.0,-0.0,-0.0
2022-09-21,0.0,-0.0,-0.0,-0.0,-0.0
2022-09-22,0.0,-0.0,0.0,-0.0,-0.0
2022-09-23,-0.0,-0.0,-0.0,-0.0,-0.0
2022-09-26,-0.0,-0.0007929595005532475,-0.0,-0.0,-0.0
2022-09-27,-0.0,0.0002906835981839606,-0.0,-0.0006373863825304138,-0.0006242036338885426
2022-09-28,0.0,0.0034481237043798574,0.0,0.011518318596869803,0.011639096232441082
2022-09-29,0.0,-0.002720830478262326,0.0,-0.0004808810247241002,-0.0006408656479230945
2022-09-30,0.0,-0.001359496812094796,0.0,0.0002194959556521825,0.00033607887322006924
2022-10-03,-0.0,0.00413907541626557,-0.0,0.014529780019873595,0.014505986743473476
2022-10-04,-0.0,0.004848574437797848,-0.0,0.02092079617570125,0.02109452582557164
2022-10-05,-0.0,-0.0,-0.0,-0.0,-0.0
2022-10-06,-0.0,-0.0,-0.0,-0.0,-0.0
2022-10-07,0.0,-0.0,0.0,-0.0,-0.0
2022-10-10,0.0,-0.0,0.0,0.0,0.0
2022-10-11,0.0,0.0,0.0,-0.0,-0.0
2022-10-12,-0.0,-0.0,-0.0,0.0,0.0
2022-10-13,-0.0,0.0,-0.0,0.0,0.0
2022-10-14,0.0,-0.0,0.0,-0.0,-0.0
2022-10-17,-0.0,0.0,-0.0,0.0,0.0
2022-10-18,-0.0,0.0,-0.0,0.0,0.0
2022-10-19,-0.0,-0.0,-0.0,-0.0,-0.0
2022-10-20,-0.0,-0.0,-0.0,-0.0,-0.0
2022-10-21,-0.0,0.0,-0.0,0.0,0.0
2022-10-24,-0.0,0.0,-0.0,0.0,0.0
2022-10-25,-0.0,0.0,-0.0,0.0,0.0
2022-10-26,0.0,-0.0,0.0,0.0,0.0
2022-10-27,0.0,-0.0,0.0,0.0,0.0
2022-10-28,-0.0,0.0,-0.0,0.0,0.0
2022-10-31,0.0,-0.0,0.0,0.004942099560136859,0.005047987450300939
2022-11-01,0.0,-0.0,0.0,-0.0023048258323051796,-0.002112461568294921
2022-11-02,0.0,-0.0,0.0,0.0024055718210374555,0.00214146036890972
2022-11-03,0.0,-0.0,0.0,0.006923924334982845,0.007050535251203083
2022-11-04,-0.0,0.0,-0.0,-0.008576180236446407,-0.00869442340386306
2022-11-07,-0.0,0.0,-0.0,-0.0026047788472321476,-0.002507730552301468
2022-11-08,-0.0,0.0,-0.0,-0.0004788070529787025,-0.0004658418513536211
2022-11-09,0.0,-0.0,0.0,0.008686959749235168,0.008779633554001909
2022-11-10,-0.0,0.0,-0.0,-0.019170112320821886,-0.019266126897152847
2022-11-11,-0.0,0.0,-0.0,4.832236723489869e-05,2.7425514170065224e-05
2022-11-14,0.0039806966248499,0.0016652307864400973,0.003870158198248319,0.012588762678166499,0.012642515944919552
2022-11-15,-0.008686719342872573,-0.0008671700936579985,-0.008642160035775337,0.004285495614730239,0.0042642913683760275
2022-11-16,0.01431951656389252,0.0016359754791029912,0.014042531553344562,0.0030544968696091246,0.003187925036730266
2022-11-17,-0.0023837586168875546,0.00043300361077058813,-0.002068174165063885,0.005600055706998397,0.0054419490734981535
2022-11-18,0.003489558362214762,-0.00020317135331282543,0.00329166538223169,-0.003970151153412427,-0.003872980315930863
2022-11-21,0.010861058840207605,0.0006016510564796906,0.011043767133023685,-0.0027806704766126233,-0.0028741336803572715
2022-11-22,-0.008432779446482686,-0.001336278823758974,-0.0087296867883766,-0.0011344683035924286,-0.0009862282526095223
2022-11-23,-0.006991359310407175,-0.000813041016012539,-0.006661472496774623,0.001153112047158622,0.0009888937186828817
2022-11-25,0.007818760651800538,0.0004994469289973935,0.0076731342972813366,-0.0012010118444449325,-0.0011297209911009798
2022-11-28,0.010352351970462026,0.0025961687916917775,0.010233900391527051,0.010768018465875495,0.010823494396327293
2022-11-29,0.00917594524395593,0.0004048094088067167,0.009175544001027935,-0.004904765762512808,-0.0049080086721319804
2022-11-30,-0.0,-0.004443897550770126,-0.0,0.0005586770636208938,0.0003201399235961411
2022-12-01,-0.0,0.0007631223240960328,-0.0,0.006844568386684624,0.007003907655578512
2022-12-02,0.0,0.0005795519687880057,0.0,-0.0,-0.0
2022-12-05,0.0,0.002765353752523403,0.0,-0.0,-0.0
2022-12-06,0.0,0.00221931825125099,0.0,-0.0,-0.0
2022-12-07,0.0,-0.0,0.0,-0.0,-0.0
2022-12-08,-0.0,0.0,-0.0,-0.0,-0.0
2022-12-09,0.0,-0.0,0.0,0.0,0.0
2022-12-12,-0.0,0.0,-0.0,0.0,0.0
2022-12-13,-0.0,0.0,-0.0,-0.0,-0.0
2022-12-14,0.0,-0.0,0.0,-0.0,-0.0
2022-12-15,0.0,-0.0,0.0,-0.0,-0.0
2022-12-16,0.0,-0.0,0.0,-0.0,-0.0
2022-12-19,0.0,-0.0,0.0,0.0,0.0
2022-12-20,-0.0,0.0,-0.0,0.0,0.0
2022-12-21,-0.0,0.0,-0.0,0.0,0.0
2022-12-22,0.0,-0.0,0.0,-0.0,-0.0
2022-12-23,0.0,0.0,0.0,0.0,0.0
2022-12-27,0.0,-0.0,0.0,0.0,0.0
2022-12-28,0.0,-0.0,0.0,0.0,0.0
2022-12-29,-0.0,0.0,-0.0,0.0,0.0
2022-12-30,-0.0,-0.0,-0.0,-0.0,-0.0
2023-01-03,0.0,-0.0,0.0,0.0,0.0
2023-01-04,0.0,0.0,0.0,0.0,0.0
2023-01-05,0.0,-0.0,0.0,-0.0,-0.0
2023-01-06,-0.0,0.0,-0.0,0.0,0.0
2023-01-09,-0.0,-0.0,-0.0,-0.0,-0.0
2023-01-10,-0.0,0.0,-0.0,0.0,0.0
2023-01-11,-0.0,0.0,-0.0,0.0,0.0
2023-01-12,-0.0,0.0,-0.0,-0.0,-0.0
2023-01-13,-0.0,0.0,-0.0,0.0,0.0
2023-01-17,-0.0,-0.0,-0.0,-0.0,-0.0
2023-01-18,0.0,-0.0,0.0,-0.0,-0.0
2023-01-19,0.0,-0.0,0.0,-0.0,-0.0
2023-01-20,-0.0,0.0,-0.0,0.0,0.0
2023-01-23,-0.0,0.0,-0.0,0.0,0.0
2023-01-24,0.00263809859546571,-0.0,0.002245880814279344,0.0,0.0
2023-01-25,0.003874074982131326,0.0,0.004077109876614138,0.0,0.0
2023-01-26,-0.007489850620027605,0.0,-0.007478994789930304,-0.0,-0.0
2023-01-27,-0.0018237449748736978,-0.0,-0.001997688125803032,-0.0,-0.0
2023-01-30,0.012828287930306992,-0.0,0.012985870838137625,0.0,0.0
2023-01-31,-0.0034010052869755114,0.0,-0.0032087306675521177,0.0,0.0
2023-02-01,-0.017929021765855202,0.0,-0.017971432314126456,-0.0,-0.0
2023-02-02,-0.01970097409634053,0.0,-0.01965186415950737,-0.0,-0.0
2023-02-03,0.0053675688827274914,-0.0,0.005034156969138781,0.0,0.0
2023-02-06,0.012208453679957376,-0.0,0.01225314930546495,0.0,0.0
2023-02-07,-0.014263966004156137,0.0,-0.014095767538536919,0.0,0.0
2023-02-08,0.007111822322778627,-0.0,0.007081129066675684,-0.0,-0.0
2023-02-09,-0.001036274919924196,-0.0,-0.0012167065052721693,-0.0,-0.0
2023-02-10,0.011847083262820801,0.0,0.012004683764711643,0.0,0.0
2023-02-13,-0.00730609885762501,0.0,-0.007314076269578917,0.0,0.0
2023-02-14,-0.004898781736949465,-0.0,-0.004826394231631781,-0.0,-0.0
2023-02-15,-0.0031950194833900714,0.0,-0.003131490677044768,-0.0,-0.0
2023-02-16,0.011251072706291998,-0.0,0.010945242273349809,-0.0,-0.0
2023-02-17,0.01387550637104673,-0.0,0.014150007705602707,0.0,0.0
2023-02-21,0.011302677318237864,-0.0,0.011056978685451524,-0.0,-0.0
2023-02-22,-0.0,0.0,-0.0,-0.0,0.0
2023-02-23,-0.0,0.0,-0.0,-0.0,-0.0
2023-02-24,0.0,-0.0,0.0,0.0,0.0
2023-02-27,-0.0,0.0,-0.0,-0.0,-0.0
2023-02-28,-0.0,-0.0,-0.0,0.0,0.0
2023-03-01,0.0,-0.0,0.0,-0.0,-0.0
2023-03-02,-0.0,0.0,-0.0,-0.0,-0.0
2023-03-03,-0.0,0.0,-0.0,0.0,0.0
2023-03-06,-0.0,-0.0,-0.0,0.0,0.0
2023-03-07,0.0,-0.0,0.0,-0.0,-0.0
2023-03-08,-0.0,0.0,-0.0,-0.0032937726999275885,-0.0033485197459521276
2023-03-09,0.0,-0.0,0.0,-0.028951093355258917,-0.028918523138075913
2023-03-10,0.0,-0.0,0.0,-0.007483530918915626,-0.007663236124658079
2023-03-13,-0.0,0.0006537650545552776,-0.0,-0.03398997626748973,-0.033658291724749434
2023-03-14,-0.0,0.0022557981742368227,-0.0,0.016300867268137675,0.016162232495196105
2023-03-15,-0.0,-0.0007902787302351832,-0.0,-0.01813356487231199,-0.018181820970373186
2023-03-16,-0.0,0.0028048454150084723,-0.0,0.014931215611236892,0.015098075780699494
2023-03-17,-0.0,-0.0,-0.0,-0.02069871456150446,-0.02062287513359784
2023-03-20,0.0,0.0,0.0,0.011609858280943297,0.011459804973157794
2023-03-21,0.0,0.0,0.0,0.022457424418405036,0.02252223472567111
2023-03-22,0.0,-0.0,0.0,-0.010187291693540823,-0.010332454935709556
2023-03-23,-0.0,0.0,-0.0,-0.003295446087355991,-0.0032105000718073984
2023-03-24,0.0,0.0,0.0,0.0008446219871025562,0.0008228250672770443
2023-03-27,0.0,0.0,0.0,0.01658369977328067,0.016647719041699094
2023-03-28,0.0,-0.0,0.0,0.0042737354170009345,0.004088869619385205
2023-03-29,-0.0,0.0,-0.0,0.010188486373878536,0.010228768799117938
2023-03-30,-0.0,0.0,-0.0,-0.002122206013374206,-0.0019765779921004367
2023-03-31,-0.0,0.0,-0.0,0.006563604820773561,0.006589266179567399
2023-04-03,0.0,0.0,0.0,0.002410039155639754,0.0025261694333171825
2023-04-04,0.0,-0.0,0.0,-0.003913953188341923,-0.004130130069105731
2023-04-05,0.0,-0.0,0.0,0.0025621151534473974,0.002443567561868143
2023-04-06,-0.0,0.0,-0.0,0.004085901498331268,0.004148228922185193
2023-04-10,0.0,-0.0,0.0,0.0037052716513451545,0.0036551723733501684
2023-04-11,0.0,0.0,0.0,0.0,0.0
2023-04-12,0.0,-0.0,0.0,0.0,0.0
2023-04-13,-0.0,0.0,-0.0,0.0,0.0
2023-04-14,0.0,-0.0,0.0,0.0,0.0
2023-04-17,0.0,0.0,0.0,0.0,0.0
2023-04-18,-0.0,-0.0,-0.0,0.0,0.0
2023-04-19,0.0,-0.0,0.0,0.0,0.0
2023-04-20,0.0,-0.0,0.0,-0.0,-0.0
2023-04-21,0.0,0.0,0.0,-0.0,-0.0
2023-04-24,0.0,-0.0,0.0,-0.0,-0.0
2023-04-25,-0.010650550070958387,-0.0,-0.010645357243900477,-0.0,-0.0
2023-04-26,0.019663348279051363,-0.0,0.019817751771758818,-0.0,-0.0
2023-04-27,0.0026334898215139013,0.0,0.0025593691638745586,0.0,0.0
2023-04-28,0.003657348954531958,0.0,0.003407291448513927,0.0,0.0
2023-05-01,0.001045045605253092,-0.0,0.0013314828429680237,-0.0,-0.0
2023-05-02,-0.003379957689216395,-0.0,-0.00333138704704683,-0.0,-0.0
2023-05-03,-0.0021993850935275727,-0.0,-0.00252483374717527,-0.0,-0.0
2023-05-04,0.001260660001545677,-0.0,0.0013681422678133437,-0.0,-0.0
2023-05-05,0.012607817292833001,0.0,0.01238562383646813,0.0,0.0
2023-05-08,0.0,-0.0,0.0,0.0,0.0
2023-05-09,0.0,-0.0,0.0,-0.0,-0.0
2023-05-10,-0.0,0.0,-0.0,-0.0,-0.0
2023-05-11,0.0,-0.0,0.0,0.0,0.0
2023-05-12,0.0,-0.0,0.0,-0.0,-0.0
2023-05-15,-0.0,0.0,-0.0,0.0,0.0
2023-05-16,-0.0,-0.0,-0.0,-0.0,-0.0
2023-05-17,-0.0,0.0,-0.0,0.0,0.0
2023-05-18,-0.0,0.0,-0.0,0.0,0.0
2023-05-19,0.0,-0.0,0.0,-0.0,-0.0
2023-05-22,-0.0,-0.0,-0.0,0.0,0.0
2023-05-23,0.0,-0.0,0.0,-0.0,-0.0
2023-05-24,0.0,-0.0,0.0,-0.0,-0.0
2023-05-25,-0.0,0.0,-0.0,-0.0,-0.0
2023-05-26,-0.015323855501709671,0.0,-0.015484402753942694,0.0,0.0
2023-05-30,-0.0024671165695080433,0.0,-0.0022722913284207724,0.0,0.0
2023-05-31,0.008333878710055531,-0.0,0.008924876256246161,-0.0,-0.0
2023-06-01,0.0010533537790400338,0.0,0.00027583097428096615,0.0,0.0
2023-06-02,0.008688996272187444,0.0,0.008896622739863469,0.0,0.0
2023-06-05,0.007427378526126516,-0.0,0.007238256229406437,-0.0,-0.0
2023-06-06,0.002613346130757588,0.0,0.0026759173226540423,0.0,0.0
2023-06-07,0.016720782151434355,-0.0,0.01656014565745001,0.0,0.0
2023-06-08,-0.0,0.0,-0.0,-0.0,-0.0
2023-06-09,-0.0,-0.0,-0.0,-0.0,-0.0
2023-06-12,-0.0,0.0,-0.0,-0.0,-0.0
2023-06-13,0.0,0.0,0.0,0.0,0.0
2023-06-14,-0.0,0.00014835366998933175,-0.0,-0.0,-0.0
2023-06-15,-0.0,-0.001356617470855248,-0.0,0.0,0.0
2023-06-16,0.0,0.0007265677176079288,0.0,-0.0,-0.0
2023-06-20,0.0,0.0014185271313590375,0.0,-0.0,-0.0
2023-06-21,0.0,0.0008299071910351508,0.0,0.0,0.0
2023-06-22,-0.0,-0.0002552737004036798,-0.0,-0.0,-0.0
2023-06-23,0.0,0.0012047841880001853,0.0,-0.0,0.0
2023-06-26,0.0,-0.0,0.0,0.0,0.0
2023-06-27,-0.0,0.0,-0.0,0.0,0.0
2023-06-28,-0.0,0.0,-0.0,-0.0,-0.0
2023-06-29,0.0,0.0,0.0,0.0,0.0
2023-06-30,-0.0,0.0,-0.0,0.0,0.0
2023-07-03,0.0,-0.0,0.0,0.0,0.0
2023-07-05,0.0,-0.0,0.0,-0.0,-0.0
2023-07-06,-0.0,-0.0,-0.0,-0.0,-0.0
2023-07-07,0.0,-0.0,0.0,0.0,0.0
2023-07-10,-0.0,0.0,-0.0,0.0,0.0
2023-07-11,0.0,0.0,0.0,0.0,0.0
2023-07-12,-0.0,0.0,-0.0,-0.0012134237100057677,-0.0014736382468807374
2023-07-13,-0.0,0.0,-0.0,0.0015748074176790139,0.001845689874872436
2023-07-14,0.0,-0.0,0.0,0.007104619354247832,0.006919827343970619
2023-07-17,-0.0,-0.0,-0.0,-0.0067343208949181554,-0.006621932209109338
2023-07-18,-0.0,0.0,-0.0,-0.006033777972744292,-0.006122213191017745
2023-07-19,0.0,0.0,0.0,-0.001551158588303847,-0.001731717148830858
2023-07-20,0.0,-0.0,0.0,-0.008486736756623925,-0.008288574899232182
2023-07-21,0.0,-0.0,0.0,0.005234472878549057,0.005220866838415439
2023-07-24,0.0,0.0,0.0,-0.0052238967140354475,-0.005248224660355072
2023-07-25,-0.0,0.0,-0.0,0.009402219041456661,0.009383648589253557
2023-07-26,0.0,-0.0,0.0,-0.00401456927291266,-0.004045540865895758
2023-07-27,-0.0,-0.0,-0.0,0.010589663896982127,0.010669670772241735
2023-07-28,-0.0,0.0,-0.0,0.0037453823758513693,0.0035846038261021507
2023-07-31,-0.0,-0.0,-0.0,-0.0017190651959236858,-0.0016264840447682838
2023-08-01,-0.0,-0.0,-0.0,-0.00037059858123605904,-0.00033191503125601374
2023-08-02,0.0,-0.0,0.0,0.0024762758453563682,0.0024497465212430236
2023-08-03,0.0,-0.0,0.0,-0.0010408633296293268,-0.0010437151831351743
2023-08-04,0.0,-0.0,0.0,0.0025449631228007807,0.002484312407253386
2023-08-07,-0.006190970012584174,0.0,-0.006081804601155705,-0.008312143282231621,-0.008258062408023292
2023-08-08,-0.006173630956257448,-0.0,-0.006020545219422413,0.00774573492233066,0.007819464963568445
2023-08-09,-0.008934104135672971,-0.0,-0.009006731273769608,0.004642981119388434,0.004604832195238384
2023-08-10,0.0018239741584080704,-1.4695868359115849e-05,0.0019035747851130491,0.0,0.0
2023-08-11,-0.005927955083428804,-5.2338904859006163e-05,-0.0059500918876413955,0.0,0.0
2023-08-14,0.013109079904291443,0.0008710008102207345,0.012940169266394852,-0.0,-0.0
2023-08-15,0.00027934639824289675,-0.0018548638091780978,0.0006019742797667149,-0.0,-0.0
2023-08-16,-0.0029771123279613843,-0.0007892486628329198,-0.003119518417220579,0.0,0.0
2023-08-17,-0.004368843615541795,-0.0008351039641443236,-0.004439963402784297,-0.0,-0.0
2023-08-18,0.0031531379932252523,0.00047198897148914565,0.002861622331852276,-0.0,-0.0
2023-08-21,0.0142215425962251,0.0008033310493780199,0.014451107145938558,-0.0,-0.0
2023-08-22,0.0035822964678602354,-0.00015030103827728958,0.0034419738612727624,-0.0,-0.0
2023-08-23,0.010509808078442484,0.001647013436734568,0.01040880716077175,0.0,0.0
2023-08-24,-0.014310109287505313,-0.002194654850437905,-0.013873359268776975,0.0,0.0
2023-08-25,0.00512839691981215,0.000983540669445504,0.005208247952452227,0.0,0.0
2023-08-28,0.003270570224043201,0.0011569042979484578,0.002962509949332226,0.0,0.0
2023-08-29,0.00934538003508445,0.001910029038837524,0.00932838239668099,0.0,0.0
2023-08-30,-0.0,0.0,-0.0,-0.0,-0.0
2023-08-31,-0.0,-0.0,-0.0,-0.0,-0.0
2023-09-01,-0.0,-0.0,-0.0,0.0,0.0
2023-09-05,-0.0,-0.0,-0.0,-0.0,-0.0
2023-09-06,0.0,-0.0,0.0,0.0,0.0
2023-09-07,0.0,-0.0,0.0,-0.0,-0.0
2023-09-08,-0.0,0.0,0.0,0.0,0.0
2023-09-11,0.0,0.0,0.0,0.0,0.0
2023-09-12,0.0,-0.0,0.0,0.0,0.0
2023-09-13,-0.0,0.0,-0.0,-0.0,-0.0
2023-09-14,0.0,0.0,-0.0,0.0,0.0
2023-09-15,0.0,-0.0,0.0,0.0,0.0
2023-09-18,-0.0,-0.0,-0.0,0.0,0.0
2023-09-19,-0.0,-0.0,-0.0,-0.0,-0.0
2023-09-20,0.0,-0.0,0.0,-0.0,-0.0
2023-09-21,0.0,-0.0,0.0,-0.0,-0.0
2023-09-22,-0.0,4.633356764072172e-05,-0.0,-0.0,-0.0
2023-09-25,-0.0,0.0008318032924418128,-0.0,0.0,0.0
2023-09-26,0.0,-0.0018277683389924526,0.0,-0.0,-0.0
2023-09-27,-0.0,0.00045342421319338744,-0.0,-0.0,-0.0
2023-09-28,-0.0,0.0009889329460457397,-0.0,0.0,0.0
2023-09-29,-0.0,-0.0003176133155917693,-0.0,-0.0,-0.0
2023-10-02,-0.0,0.00012829640464828707,-0.0,-0.0,-0.0
2023-10-03,0.0,-0.0016253494563196469,0.0,-0.007503244328108893,-0.007526544150652348
2023-10-04,-0.0,0.0014301220275887427,-0.0,0.005229113955356857,0.00533167732088391
2023-10-05,-0.0,0.00024809323019436835,-0.0,0.005843857790234941,0.005889573898762657
2023-10-06,-0.0,0.0018730327067741914,-0.0,0.003522615907553983,0.003581027538196946
2023-10-09,0.0,0.0007996248920316695,0.0,-0.001597491157410924,-0.0016835786633750405
2023-10-10,0.0,0.0,0.0,0.005287140717661898,0.005279136372686177
2023-10-11,-0.0,0.0,-0.0,9.462357892853213e-05,3.195366415115197e-05
2023-10-12,-0.0,-0.0,-0.0,-0.0025212740845532156,-0.002561329650590416
2023-10-13,0.0,-0.0,0.0,0.005031902688229228,0.005167670491309451
2023-10-16,-0.0,0.0,-0.0,0.005426509030383886,0.005481565580176206
2023-10-17,0.0,-0.0,0.0,0.0,0.0
2023-10-18,0.0,-0.0,0.0,-0.0,-0.0
2023-10-19,-0.0,-0.0,-0.0,-0.0,-0.0
2023-10-20,0.0,-0.0,0.0,-0.0,-0.0
2023-10-23,-0.0,0.0,-0.0,-0.0,-0.0
2023-10-24,-0.0,0.0,-0.0,0.004554730714954935,0.004564156920050411
2023-10-25,0.0,-0.0,0.0,0.004516415492359538,0.004452621408859769
2023-10-26,0.0,-0.0,0.0,0.004585337047881777,0.004630203606714123
2023-10-27,-0.0,-0.00021485984460756224,-0.0,-0.01431474525947296,-0.014287665411008343
2023-10-30,0.0,0.00200543793381025,0.0,0.012729176017696575,0.012769226985865856
2023-10-31,-0.0,0.0013308167726379105,-0.0,0.008213184547062213,0.008359023013924993
2023-11-01,-0.0,0.0013656253317394507,-0.0,0.0,0.0
2023-11-02,-0.0,0.0,-0.0,0.0,0.0
2023-11-03,-0.0,0.0,-0.0,0.0,0.0
2023-11-06,-0.0,0.0,-0.0,0.00480439346945416,0.004856107937324272
2023-11-07,-0.0,0.0,-0.0,0.0033799550679434187,0.0032894877905759734
2023-11-08,-0.0029752940681078144,-0.0,-0.0030648149028540406,-0.00031426973061832175,-0.0002675935003207952
2023-11-09,0.0008359157274131501,-0.0,0.0005763154267481863,0.0007725309338543207,0.0008992164008541637
2023-11-10,-0.014064831280526047,0.0,-0.014084056374535026,-0.00298317006391724,-0.002970745027511601
2023-11-13,0.006379635995992228,-0.0,0.006575804720416301,0.001561270304846818,0.0014640922032506665
2023-11-14,-0.007489225570893598,0.0,-0.007671367161197873,-0.008171287996068366,-0.008079614727968976
2023-11-15,0.0021981983495911184,-4.417846879367637e-05,0.002300583810086465,-0.003166104146247184,-0.003216544716273473
2023-11-16,0.0003026448765672818,0.00016969857998683224,0.00029108440879088704,-0.002013302395791783,-0.002007218766529706
2023-11-17,0.002167913703186919,-3.914250185532708e-06,0.0023466798620208618,-0.002942523806848063,-0.0030291194563751844
2023-11-20,-0.006865045169981876,-0.0004337014798698746,-0.007186175803701067,0.0013138827447436996,0.0014733458040800396
2023-11-21,0.009237902629583017,0.0005257680000790854,0.009359210294666465,0.0009463693507835158,0.000884327445491051
2023-11-22,0.000899828042196793,-0.000256762711298153,0.0009652858417528165,-0.0005791132741643223,-0.0006107766219935473
2023-11-24,0.0033947408910202093,0.0003408542202700815,0.0032728294786068535,-0.0012378316666146194,-0.0011786741579824511
2023-11-27,0.00010735670285533239,0.0004899709696621901,0.00016899928158098376,0.003831227217021671,0.003800748843141244
2023-11-28,-1.961142406470273e-05,2.7554576690347332e-05,0.00011614271218607364,0.0019730632215423927,0.00190723206010468
2023-11-29,-0.0036117391807013455,0.0005568866138686568,-0.0038450027277476817,-0.005843873360269758,-0.005728281067203411
2023-11-30,0.005216433658893127,-0.0005479002106596464,0.005535170027516134,-0.007223316535144408,-0.007379934733079796
2023-12-01,0.000380629569281421,-0.0005166218529607525,0.00038319162976097054,-0.002378283068213638,-0.002377070563292616
2023-12-04,0.00819833000294734,0.0012405201371903374,0.007893626830383527,0.0006390046580707631,0.0007874911003491469
2023-12-05,-0.005541071043355661,0.00023170047201970245,-0.005510373486077524,0.006618038456084441,0.0066036569337935
2023-12-06,0.007133575722819474,0.0006510903315821714,0.0072427717304499595,0.004448614600297773,0.004393008736558568
2023-12-07,-0.0041860385580070325,-0.0007918845792707074,-0.004228169856158814,0.0004470183134112071,0.00046931950126793964
2023-12-08,-0.005092675065832664,-0.00032955071135476466,-0.00510689190561453,-0.0016239247933395595,-0.001615530285319855
2023-12-11,-0.0029578018844973464,-0.0002721181917224591,-0.002952854787984238,-0.002464815969089207,-0.002466377068781722
2023-12-12,-0.0007703843312631964,-3.471225325446525e-05,-0.001133420541531427,-0.002990787949224749,-0.0028129183655983825
2023-12-13,0.0012314495602792075,-0.0016206833265571818,0.0013429164151517181,-0.006849848188365482,-0.0069069160325924694
2023-12-14,0.0020743918251193705,-0.0001308571451567042,0.0021659135501688187,-0.005621349806360365,-0.005668041935154522
2023-12-15,-0.0059001230322832665,0.0005476316487045274,-0.005848336237164631,0.0072597614529770205,0.007234897726806577
2023-12-18,0.004138531940498513,-0.00046544746566501427,0.004216165183254628,0.001580035936600832,0.0015407726789327114
2023-12-19,0.0009790510531322294,-0.000684195007257804,0.0012781915848945058,-0.002197337331199367,-0.0023437303467869763
2023-12-20,0.005914063186602814,0.0018468918202428908,0.006357260557870781,0.012462614433192798,0.012245781522403854
2023-12-21,-0.0,-0.0004217745426680075,-0.0,-0.003326008806327274,-0.002999812121610601
2023-12-22,0.0,-2.6028249929477276e-05,0.0,0.0004910684396915443,0.0004460776961137114
2023-12-26,-0.0,-0.00016934612145802497,-0.0,-0.0002502925668496081,-0.00020885040024032353
2023-12-27,0.0,0.00016583723045604515,0.0,-0.0006026119670849983,-0.000558173607717205
2023-12-28,0.0,0.00033176683573898913,0.0,-0.0009806357828284207,-0.0009452900584780988
2023-12-29,0.0,0.0007039224652706233,0.0,0.003270563778300817,0.0032824517668136877
2024-01-02,0.0,0.0008742627072275688,0.0,-0.0051943668632481454,-0.005265680840817577
2024-01-03,0.0,-0.0,0.0,0.005880637638341735,0.0058788523977370555
2024-01-04,0.0,-0.0,0.0,-0.003885300775849143,-0.0038186450200249356
2024-01-05,-0.00015904394811072642,0.0,-0.00033792902877594067,-0.001715279746196785,-0.001804486054091281
2024-01-08,0.016375980295997072,0.0,0.01587408670853674,0.0024836174884682594,0.0022412078150376713
2024-01-09,0.00298453876883209,-0.0,0.0035523530063943376,0.0068276104807606375,0.00711332033793971
2024-01-10,0.004233318208620052,0.0,0.004178187249822551,-0.0,-0.0
2024-01-11,0.004280430860892137,-0.0,0.004177919345688119,-0.0,-0.0
2024-01-12,-0.0,-0.0,-0.0,-0.0,-0.0
2024-01-16,-0.0,-0.0,-0.0,-0.0,-0.0
2024-01-17,0.0,-0.0,0.0,0.0,0.0
2024-01-18,-0.0,0.0,-0.0,-0.0,-0.0
2024-01-19,-0.0,0.0,-0.0,0.0,0.0
2024-01-22,-0.0,-0.0,-0.0,0.0,0.0
2024-01-23,0.0,-0.0,-0.0,-0.0,-0.0
2024-01-24,-0.0,0.0,-0.0,0.0,0.0
2024-01-25,0.0,0.0,0.0,0.0,0.0
2024-01-26,0.0,-0.0,0.0,0.0,0.0
2024-01-29,-0.0,0.0,-0.0,-0.0,-0.0
2024-01-30,0.0,-0.0,0.0,0.0,0.0
2024-01-31,0.0,-0.0,0.0,-0.0,-0.0
2024-02-01,-0.0,0.0,-0.0,-0.0,-0.0
2024-02-02,-0.0,0.0,-0.0,-0.0,-0.0
2024-02-05,-0.0,-0.0,-0.0,-0.0,-0.0
2024-02-06,0.0,0.0,0.0,-0.0,0.0
2024-02-07,-0.0,0.0,-0.0,0.0,0.0
2024-02-08,-0.0,-0.0,-0.0,-0.0,-0.0
2024-02-09,-0.0,0.0,-0.0,-0.0,-0.0
2024-02-12,0.0,-0.0,0.0,0.0,0.0
2024-02-13,0.0,-0.0,0.0,-0.0,-0.0
2024-02-14,-0.0,0.0,-0.0,0.0,0.0
2024-02-15,0.0,0.0,0.0,0.0,0.0
2024-02-16,0.0,-0.0,0.0,-0.0,-0.0
2024-02-20,0.0,-0.0,0.0,-0.0,-0.0
2024-02-21,0.0,-0.0,0.0,0.0,0.0
2024-02-22,0.01715718042790826,0.0,0.0173252266309456,-0.0,-0.0
2024-02-23,-0.0045295184174543035,-0.0,-0.004651949556834234,0.0,0.0
2024-02-26,0.0066290284165924085,-0.0,0.006528241045102856,-0.0,-0.0
2024-02-27,-0.00026374174946086626,0.0,-0.000347431340023574,0.0,0.0
2024-02-28,-0.00429414699757924,-0.0,-0.004224720058282561,0.0,0.0
2024-02-29,0.0074682123725300364,0.0,0.007353930178969348,-0.0,-0.0
2024-03-01,0.011298539702434995,0.0,0.011568559178630533,-0.0,-0.0
2024-03-04,-0.0,-0.0,-0.0,0.0,0.0
2024-03-05,0.0,-0.0,0.0,0.0,0.0
2024-03-06,-0.0,0.0,-0.0,0.0,0.0
2024-03-07,-0.0,0.0,-0.0,-0.0,-0.0
2024-03-08,0.0,-0.0,0.0,0.0,0.0
2024-03-11,0.0,-0.0,0.0,0.0,0.0
2024-03-12,-0.0,0.0,-0.0,-0.0,-0.0
2024-03-13,0.0,-0.0,0.0,0.0,0.0
2024-03-14,0.0,-0.0,0.0,-0.0,-0.0
2024-03-15,0.0,-0.0,0.0,0.0,0.0
2024-03-18,0.0,-0.0,0.0,0.0,0.0
2024-03-19,0.0,0.0,0.0,0.0,0.0
2024-03-20,-0.0,0.0,-0.0,0.0,0.0
2024-03-21,-0.0,0.0,-0.0,0.0,0.0
2024-03-22,-0.0,-0.0,-0.0,-0.0,-0.0
2024-03-25,0.0,-0.0,0.0,-0.0,-0.0
2024-03-26,0.0,-0.0,0.0,0.0,0.0
2024-03-27,0.0,0.0,0.0,0.0,0.0
2024-03-28,0.0,-0.0,0.0,0.0,0.0
2024-04-01,-0.0,-0.0,-0.0,-0.0,-0.0
2024-04-02,0.0,-0.0,0.0,-0.0,-0.0
2024-04-03,-0.0,0.0,-0.0,-0.0,-0.0
2024-04-04,0.0,-0.0,0.0,-0.0,-0.0
2024-04-05,-0.0,0.0013294483264111312,-0.0,0.0,0.0
2024-04-08,0.0,0.0002057036308913407,0.0,0.0,0.0
2024-04-09,-0.0,-3.856330697360466e-05,-0.0,-0.0,-0.0
2024-04-10,0.0,-0.0016665458925742005,0.0,-0.0,-0.0
2024-04-11,-0.0,0.00100500515523394,-0.0,-0.010234432558186068,-0.010198079248912917
2024-04-12,0.0,-0.0017136523370173684,0.0,-0.005186297066933465,-0.005095654181236864
2024-04-15,0.0,-0.0017055103390957171,0.0,0.002376434307637787,0.002306053664616836
2024-04-16,-0.0,-2.5894026262407444e-05,-0.0,-0.004645292841864657,-0.004598342437739544
2024-04-17,0.0,-0.0007154688722935676,0.0,0.0063682939365494184,0.006315881377738197
2024-04-18,0.0,0.0001170961186393038,0.0,0.005054400499077016,0.005177641447201564
2024-04-19,-0.021082297161958197,-0.0010073402131909326,-0.021003478611252735,0.017553488065627842,0.017518126575726045
2024-04-22,0.008707914343776046,0.0014050826047872222,0.008715608360040594,0.0,0.0
2024-04-23,0.008782447791410908,0.001527306436376441,0.008944980096425192,-0.0,-0.0
2024-04-24,0.0035411918634489226,-6.911791345021179e-05,0.003611144562725155,-0.0,-0.0
2024-04-25,0.005725714718307406,-7.66397632131488e-05,0.005298417655028809,-0.0,-0.0
2024-04-26,0.011023650483501957,0.0010334078040435957,0.011317489533669844,-0.0,-0.0
2024-04-29,0.0016177188288668543,0.00044254908424601336,0.0016318008779403481,-0.0,-0.0
2024-04-30,-0.00974167508699475,-0.002036335107415743,-0.009789481517212373,-0.0,-0.0
2024-05-01,-0.008577977389531366,-0.0004126778127702124,-0.008463625603865266,0.0,0.0
2024-05-02,0.00795700271119082,0.0014929647108521404,0.007745758066371788,-0.0,-0.0
2024-05-03,0.01930156095163893,0.001483662820274012,0.01945399811567805,-0.0,-0.0
2024-05-06,-0.0,0.0,-0.0,0.0,0.0
2024-05-07,0.0,-0.0,0.0,0.0,0.0
2024-05-08,-0.0,0.0,-0.0,0.0,0.0
2024-05-09,0.0,0.0,0.0,0.0,0.0
2024-05-10,-0.0,-0.0,-0.0,0.0,0.0
2024-05-13,-0.0,-0.0,-0.0,-0.0,-0.0
2024-05-14,-0.0,0.0,-0.0,0.0,0.0
2024-05-15,-0.0,0.0,-0.0,0.0,0.0
2024-05-16,0.0,-0.0,0.0,0.0,0.0
2024-05-17,0.0,-0.0,0.0,0.0,0.0
2024-05-20,-0.0,-0.0,-0.0,-0.0,-0.0
2024-05-21,0.0,0.0,0.0,0.0,0.0
2024-05-22,-0.0,-0.0,-0.0,-0.0,-0.0
2024-05-23,-0.0,-0.0,-0.0,-0.0,-0.0
2024-05-24,-0.0033140963249453925,0.0,-0.0033247871149042485,0.0,0.0
2024-05-28,-0.0074979906447698585,-0.0,-0.007555524566069671,-0.0,-0.0
2024-05-29,-0.0010764509219405305,-0.0,-0.0009240376323911281,-0.003275036682583554,-0.0031964170509118928
2024-05-30,0.02273698635917687,-0.0,0.022581891676014987,0.009348925968782507,0.009277564535779659
2024-05-31,0.010304624116854066,0.0,0.010573635357989719,0.009776494229121968,0.009915443015855174
2024-06-03,-0.004913410114297356,0.0,-0.004728756116263222,-0.006348896907932111,-0.0
2024-06-04,0.0013670376312171495,-0.0,0.0010186611852016636,-0.004545929109858959,-0.0
2024-06-05,-0.016570257121530263,0.0,-0.01663626096856685,-0.002368636604217822,-0.0
2024-06-06,0.004493452529830355,-0.0,0.004516331466858592,0.0002934331303517945,0.0
2024-06-07,-9.867262120932807e-06,-0.0,4.3464217493571766e-05,0.005615227411916446,0.0
2024-06-10,5.5686467955951e-05,0.0,0.00016494367541142196,-0.004736761900669739,-0.0
2024-06-11,-0.01230714678767475,0.0,-0.01236815859885354,-0.011226475497635224,-0.0
2024-06-12,-0.014513811713666724,0.0,-0.014606480333069216,-0.0034931816187667164,-0.003543757054067176
2024-06-13,-0.006830596281367285,-0.0,-0.006902738076280723,-8.04584973684852e-05,-0.00011728110305686545
2024-06-14,-0.001447596726013245,0.0,-0.0011887950670490532,-0.0017067737826237939,-0.0015751559752035793
2024-06-17,-0.003231239457278434,0.0,-0.003438025770373443,0.006155156441840837,0.0060494469302449505
2024-06-18,0.0006160457001556097,0.0,0.0007344682828704929,0.0060215350954320734,0.006082199295074531
2024-06-20,0.015409706918590116,-0.0,0.015763015310463535,0.007230903860241222,0.007412444424240994
2024-06-21,0.0063449892190849955,-0.0,0.006669347285153782,-0.002491721690980331,-0.002330757726242083
2024-06-24,0.0202814536392959,-0.0,0.019578030822118286,0.011798206356254448,0.011444623919631358
2024-06-25,-0.011492743467513833,0.0,-0.011427446459189472,-0.0,-0.0
2024-06-26,0.0006501093454898133,-0.0,0.0003778774066762747,-0.0,-0.0
2024-06-27,0.0005552574814122746,0.0,0.0006805117895996027,-0.0,-0.0
2024-06-28,-0.0018540197385024104,-0.0,-0.0019739294690030995,0.0,0.0
2024-07-01,-0.007487751935605802,0.0,-0.00756424053053828,0.0,0.0
2024-07-02,0.00041613085573111164,0.0,0.0007650397134248976,0.0,0.0
2024-07-03,-0.006968175108255759,0.0,-0.00688749876943584,-0.0,-0.0
2024-07-05,0.002272877891377645,0.0,0.001871185341965953,-0.0,-0.0
2024-07-08,-0.004416613201494224,-0.0,-0.004410062279007976,-0.0,-0.0
2024-07-09,0.005484098699853668,-0.0,0.005535036916486158,0.0,0.0
2024-07-10,-0.004320320260774002,0.0,-0.003943607271907457,-0.0,-0.0
2024-07-11,0.015852886821955847,-0.0,0.015705530018378377,0.0,0.0
2024-07-12,-0.002869786171213695,0.0,-0.002950207296769314,-0.0,-0.0
2024-07-15,-0.0015107668835840915,0.0,-0.0015395467828824838,0.0,0.0
2024-07-16,0.005939530798698023,0.0,0.0059426403442133235,0.0,0.0
2024-07-17,0.0,-0.0,0.0,-0.012226553304903243,-0.012196721716321413
2024-07-18,-0.0,-0.0,-0.0,0.010102401929079186,0.009990775821815567
2024-07-19,0.0,-0.0,0.0,0.00814778706668734,0.008212168162580968
2024-07-22,-0.0,0.0,-0.0,0.0009522652805121767,0.0009818460724806966
2024-07-23,0.0,-0.0,0.0,-0.0012904452141693779,-0.0013412810426708943
2024-07-24,0.0,-0.0,0.0,0.0031640141142504907,0.0032113540163108967
2024-07-25,0.0,-0.0005151549328009652,0.0,-0.004955084293387646,-0.0049876472916634
2024-07-26,-0.0,0.0015701832330706766,-0.0,-0.007847490607382823,-0.007862299920713967
2024-07-29,0.0,2.35273392483748e-05,0.0,0.003453135650467176,0.00350405867089032
2024-07-30,0.0,-0.0003542089087495981,0.0,-0.01155444513856746,-0.011710832197019683
2024-07-31,0.025423039136517556,0.0026320234102343854,0.024790499354174766,0.012510533646179045,0.012202759109009254
2024-08-01,-0.02831657050839076,-0.0027652521965016996,-0.02726768778705435,0.008115576589714235,0.008643627725230474
2024-08-02,-0.00813400333479608,-0.002162500033635717,-0.008332107527616817,0.0153871119533453,0.015281396925065083
2024-08-05,-0.009913207108302347,-0.0036000219421508106,-0.00986825068435504,-0.0,-0.0
2024-08-06,0.004459575553391382,0.0013624180650450013,0.004711108692611488,0.0,0.0
2024-08-07,-0.004368801202460748,-0.0003394866277240949,-0.004597641874412028,0.0,0.0
2024-08-08,0.018880551552874048,0.003234963960236925,0.018896039592025238,0.0,0.0
2024-08-09,0.004691425171959862,0.0008279452397725873,0.004549766551521728,0.0,0.0
2024-08-12,0.006797067815814906,0.000204473697763774,0.006753995980852245,-0.0,-0.0
2024-08-13,0.017498022292925075,0.002022670808490612,0.017661108288809402,-0.0,-0.0
2024-08-14,0.002240178174496288,0.0,0.002337573713943275,0.0,0.0
2024-08-15,0.014016574366790602,0.0,0.01396657152039893,-0.0,-0.0
2024-08-16,-0.0,0.0,-0.0,0.0,0.0
2024-08-19,-0.0,0.0,-0.0,-0.0,-0.0
2024-08-20,0.0,-0.0,0.0,-0.0,-0.0
2024-08-21,-0.0,-0.0,-0.0,-0.0,-0.0
2024-08-22,0.0,-0.0,0.0,0.0,0.0
2024-08-23,-0.0,0.0,-0.0,0.0,0.0
2024-08-26,0.0,-0.0,0.0,0.0,0.0
2024-08-27,-0.0,-0.0,-0.0,0.0,0.0
2024-08-28,0.0,-0.0,0.0,0.0,0.0
2024-08-29,0.0,-0.0,0.0,0.0,0.0
2024-08-30,-0.0,0.0,-0.0,0.0,0.0
2024-09-03,0.0,-0.0,0.0,0.0,0.0
2024-09-04,-0.0,-0.0,-0.0,-0.0,-0.0
2024-09-05,-0.0,-0.0,-0.0,-0.0,-0.0
2024-09-06,0.0,-0.0,0.0,-0.0,-0.0
2024-09-09,-0.0,0.0,-0.0,0.0,0.0
2024-09-10,-0.0,0.0,-0.0,-0.0,-0.0
2024-09-11,-0.0,0.0,-0.0,-0.0,-0.0
2024-09-12,-0.0,0.0,-0.0,-0.0,-0.0
2024-09-13,-0.0,0.0,-0.0,0.0,0.0
2024-09-16,0.0,-0.0,0.0,0.0,0.0
2024-09-17,0.0,-0.0,0.0,0.0,0.0
2024-09-18,0.0,-0.0,0.0,-0.0,-0.0
2024-09-19,-0.0,0.0,-0.0,0.0,0.0
2024-09-20,0.0,-0.0,0.0,-0.0,-0.0
2024-09-23,0.0,-0.0,0.0,-0.0,-0.0
2024-09-24,-0.0,0.0,-0.0,-0.0,-0.0
2024-09-25,-0.0,-0.0,-0.0,-0.0,-0.0
2024-09-26,-0.0,0.0,-0.0,0.0,0.0
2024-09-27,0.0,-0.0,0.0,0.0,0.0
2024-09-30,0.0,-0.0,0.0,0.0,0.0
2024-10-01,0.0,-0.0,0.0,-0.0,-0.0
2024-10-02,-0.0,-0.0,-0.0,0.0,0.0
2024-10-03,-0.0,-0.0,-0.0,-0.0,-0.0
2024-10-04,-0.0,0.0,-0.0,0.0,0.0
2024-10-07,-0.0,-0.0,-0.0,-0.0,-0.0
2024-10-08,-0.0,0.0,-0.0,0.0,0.0
2024-10-09,-0.0,0.0,-0.0,0.0,0.0
2024-10-10,-0.0,-0.0,-0.0,-0.0,-0.0
2024-10-11,0.0,0.0,0.0,0.0,0.0
2024-10-14,-0.0,0.0,-0.0,0.0,0.0
2024-10-15,0.0,-0.0,0.0,0.0,0.0
2024-10-16,0.0,0.0,0.0,0.0,0.0
2024-10-17,-0.0,-0.0,-0.0,0.0,0.0
2024-10-18,0.0,0.0,0.0,-0.0,-0.0
2024-10-21,-0.0,-0.0,-0.0,-0.0,-0.0
2024-10-22,0.0,-0.0,0.0,-0.0,-0.0
2024-10-23,0.0,-0.0,0.0,0.0,0.0
2024-10-24,-0.0,0.0,-0.0,-0.0,-0.0
2024-10-25,-0.0,-0.0,-0.0,-0.0,-0.0
2024-10-28,0.0,0.0,0.0,0.0,0.0
2024-10-29,-0.0,0.0,-0.0,-0.0,-0.0
2024-10-30,0.0,-0.0,0.0,0.0,0.0
2024-10-31,0.0,-0.0,0.0,-0.0,-0.0
2024-11-01,-0.0,0.0,-0.0,0.0,0.0
2024-11-04,-0.0,-0.0,-0.0,-0.0,-0.0
2024-11-05,-0.0,0.0,-0.0,0.0,0.0
2024-11-06,-0.0,0.0,-0.0,0.0,0.0
2024-11-07,-0.0,0.0,-0.0,0.02217095497560384,0.02220029108648075
2024-11-08,0.0,0.0,0.0,-0.004556192758619293,-0.00453660154199087
2024-11-11,0.0,-0.0,0.0,-0.010750511997047518,-0.010845518296428047
2024-11-12,-0.0,-0.0,-0.0,0.003985284469388561,0.0040128252391834485
2024-11-13,0.0,-0.0,0.0,0.0021191226935028395,0.0022510570171078714
2024-11-14,-0.0,-0.0,-0.0,0.0015763496533042765,0.0014796258789110395
2024-11-15,0.0,-0.0,0.0,-0.008501882211165213,-0.008442713665163915
2024-11-18,0.0,0.0,0.0,0.0019378986834451828,0.0019644140566142942
2024-11-19,-0.0,0.0,-0.0,0.010625793355368562,0.010534689627855087
2024-11-20,-0.0,-0.0,-0.0,0.0049542398582871905,0.005011001534596327
2024-11-21,-0.0,0.0,-0.0,-0.007551006914369496,-0.007677371177587322
2024-11-22,-0.0,0.0,-0.0,-0.006754595244058137,-0.006650937885866459
2024-11-25,0.0,0.0,0.0,-0.0018562943882526883,-0.0020743188222867026
2024-11-26,0.0,-0.0,0.0,0.0034125936672542156,0.003756222537059928
2024-11-27,0.0,-0.0,0.0,-0.0008917941935532303,-0.000992259658228356
2024-11-29,-0.0,0.0,-0.0,0.004121280130615856,0.0037141988033520534
2024-12-02,-0.0,-0.0,-0.0,0.012495790104034732,0.012971624791103253
2024-12-03,-0.0,-0.0,-0.0,-0.0,-0.0
2024-12-04,-0.0,0.0,-0.0,-0.0,-0.0
2024-12-05,0.005623403542404537,-0.0,0.005570700826770469,0.0,0.0
2024-12-06,-0.002816467054256977,0.0,-0.0027175128564673745,-0.0,-0.0
2024-12-09,0.0048549976244463,-0.0,0.0048604013648241295,-0.0,-0.0
2024-12-10,0.014616119551979612,-0.0,0.014405078697555806,0.0,0.0
2024-12-11,-0.0,0.0,-0.0,-0.0,-0.0
2024-12-12,0.0,-0.0,0.0,-0.0,-0.0
2024-12-13,-0.0,-0.0,-0.0,-0.0,-0.0
2024-12-16,-0.0,0.0,-0.0,-0.0,-0.0
2024-12-17,0.0,-0.0,0.0,-0.0,-0.0
2024-12-18,0.0,-0.0,0.0,-0.0,-0.0
2024-12-19,-0.0,0.00046579394672408014,-0.0,0.0050400212538413425,0.0052610653943138685
2024-12-20,-0.0,0.002381364461259694,-0.0,0.009125138657241072,0.009583086698571608
2024-12-23,-0.0,-0.00029677259644067533,-0.0,-4.947391521453737e-05,-0.0007106199714095318
2024-12-24,-0.0,0.0012855476931903365,-0.0,0.006152568600866326,0.006100214501695289
2024-12-26,-0.0,0.0003721481016538686,-0.0,0.0025502860454295617,0.002833046088891178
2024-12-27,0.0,-0.0,0.0,-0.0015088319969918662,-0.0013673535973952045
2024-12-30,0.0,-0.0,0.0,-0.0031565692694983105,-0.0034005346094345135
2024-12-31,0.0,-0.0001652127111390067,0.0,0.003201698564995359,0.003327413582033034
