Date,OFI,OFI_ZScore
2020-01-02,,
2020-01-03,8768800.0,
2020-01-06,12800.0,
2020-01-07,-534900.0,
2020-01-08,-1059900.0,
2020-01-09,-1650600.0,
2020-01-10,1340600.0,
2020-01-13,-1152700.0,
2020-01-14,3426100.0,
2020-01-15,-1577300.0,
2020-01-16,974700.0,
2020-01-17,648800.0,
2020-01-21,-14000.0,
2020-01-22,-1921600.0,
2020-01-23,3742100.0,
2020-01-24,1532900.0,
2020-01-27,2025500.0,
2020-01-28,580000.0,
2020-01-29,-8556400.0,
2020-01-30,-445900.0,
2020-01-31,1182800.0,
2020-02-03,-4678700.0,
2020-02-04,-3004500.0,
2020-02-05,-1956300.0,
2020-02-06,291400.0,
2020-02-07,-51100.0,
2020-02-10,-786500.0,
2020-02-11,10141200.0,
2020-02-12,1362100.0,
2020-02-13,-3808300.0,
2020-02-14,2651400.0,
2020-02-18,2207800.0,
2020-02-19,-2595600.0,
2020-02-20,3282700.0,
2020-02-21,4797900.0,
2020-02-24,8155100.0,
2020-02-25,2241500.0,
2020-02-26,-25966300.0,
2020-02-27,8807100.0,
2020-02-28,-47803300.0,
2020-03-02,-5627200.0,
2020-03-03,3819300.0,
2020-03-04,-420200.0,
2020-03-05,1078200.0,
2020-03-06,3598200.0,
2020-03-09,5476300.0,
2020-03-10,-9983500.0,
2020-03-11,2655200.0,
2020-03-12,5256900.0,
2020-03-13,8337400.0,
2020-03-16,-2886200.0,
2020-03-17,5469700.0,
2020-03-18,8461800.0,
2020-03-19,7712100.0,
2020-03-20,-27800.0,
2020-03-23,-665200.0,
2020-03-24,-7200.0,
2020-03-25,-2624200.0,
2020-03-26,2604400.0,
2020-03-27,2007700.0,
2020-03-30,-2721000.0,-0.3144094882309542
2020-03-31,2243000.0,0.30429134000055985
2020-04-01,-4040800.0,-0.45668013790182455
2020-04-02,1420400.0,0.20732116819753815
2020-04-03,-2406200.0,-0.25774168749744125
2020-04-06,196000.0,0.056560223582240714
2020-04-07,25606300.0,2.8828578012517663
2020-04-08,-2499500.0,-0.2958102367944516
2020-04-09,-2233300.0,-0.2551903703265997
2020-04-13,-15679300.0,-1.706664376790344
2020-04-14,-4848700.0,-0.49974137875871155
2020-04-15,1283100.0,0.17438048767307202
2020-04-16,-3648800.0,-0.3616197490690926
2020-04-17,-87600.0,0.026727472401251274
2020-04-20,4811900.0,0.5632358786878676
2020-04-21,-289400.0,0.00590159476155037
2020-04-22,1804900.0,0.2365922511159456
2020-04-23,-2494300.0,-0.23042173023980822
2020-04-24,-1841500.0,-0.17212220521148985
2020-04-27,-1753400.0,-0.15992682761137278
2020-04-28,-159900.0,0.018850715837942074
2020-04-29,-482400.0,-0.024625928617083237
2020-04-30,-4544600.0,-0.47167417888493524
2020-05-01,1096400.0,0.14748919456773943
2020-05-04,-241800.0,0.0002420381074626256
2020-05-05,-1259500.0,-0.11024914903590277
2020-05-06,-9130800.0,-0.9590166115076993
2020-05-07,-2718600.0,-0.23348120355919452
2020-05-08,-1850800.0,-0.13113189303940934
2020-05-11,-17200100.0,-1.7649877424701255
2020-05-12,24013600.0,2.5120589763671037
2020-05-13,709000.0,0.1302382514003152
2020-05-14,2322600.0,0.2869364697402067
2020-05-15,1787300.0,0.23489508352147884
2020-05-18,-1193400.0,-0.06031031755489963
2020-05-19,352900.0,0.11258733193020716
2020-05-20,-1781900.0,-0.10126999316815838
2020-05-21,1772900.0,0.23260173558593633
2020-05-22,-469700.0,0.002854295075360933
2020-05-26,1194800.0,0.13388682758468454
2020-05-27,115600.0,-0.04651759978462913
2020-05-28,-257200.0,-0.09379474096297362
2020-05-29,1177400.0,0.12405485672311772
2020-06-01,-1669800.0,-0.3091681401771527
2020-06-02,-1377600.0,-0.25158533908870145
2020-06-03,-862400.0,-0.15628829230892205
2020-06-04,-1346000.0,-0.2594840628049863
2020-06-05,1450400.0,0.18872068681351672
2020-06-08,-7284300.0,-1.1614221295402491
2020-06-09,-9436800.0,-1.4501289558557164
2020-06-10,-11132400.0,-1.6576619607864627
2020-06-11,2805700.0,0.49992530810219044
2020-06-12,-1077900.0,-0.07825294371488571
2020-06-15,321200.0,0.16384972887648658
2020-06-16,-3580800.0,-0.4494871676246163
2020-06-17,791200.0,0.24401322297556716
2020-06-18,-1325500.0,-0.09000782983310426
2020-06-19,1270900.0,0.3136436829133343
2020-06-22,-240200.0,0.0804467125855427
2020-06-23,-1767500.0,-0.15381952741043678
2020-06-24,2232000.0,0.472586613011591
2020-06-25,1393200.0,0.3410655789386405
2020-06-26,2068600.0,0.4331975895634424
2020-06-29,-2883600.0,-0.3483961098337304
2020-06-30,-511700.0,0.026394243929517627
2020-07-01,-3542000.0,-0.44849026888959126
2020-07-02,-3068300.0,-0.355273450049198
2020-07-06,-1781100.0,-0.1106465047849138
2020-07-07,3442300.0,0.8684033072121158
2020-07-08,-842000.0,0.004256130671884251
2020-07-09,-8129100.0,-1.4586175383344926
2020-07-10,7424300.0,1.630636401362858
2020-07-13,6168600.0,1.332542919578888
2020-07-14,-1194000.0,-0.1024010549838724
2020-07-15,-2914900.0,-0.417006047623485
2020-07-16,1770700.0,0.4985130429013226
2020-07-17,-1626300.0,-0.15856890200743756
2020-07-20,-2904200.0,-0.40881250743902675
2020-07-21,9300100.0,1.8970728178158376
2020-07-22,-1630000.0,-0.18878720647696232
2020-07-23,5435800.0,1.1291404027417788
2020-07-24,6975400.0,1.373354677337078
2020-07-27,-2150800.0,-0.32947926683382206
2020-07-28,1033300.0,0.264234115986743
2020-07-29,-882100.0,-0.09081261287934737
2020-07-30,-6800800.0,-1.163262712297963
2020-07-31,-1573600.0,-0.2283115066178288
2020-08-03,-4789300.0,-0.8239641354092975
2020-08-04,-3664000.0,-0.6057214153728251
2020-08-05,-1708400.0,-0.31600467624659995
2020-08-06,-1126900.0,-0.14594526884165265
2020-08-07,11242200.0,2.9129087445550974
2020-08-10,7677300.0,1.9413127267744017
2020-08-11,1429100.0,0.4267177535970647
2020-08-12,-5639900.0,-1.255096250500825
2020-08-13,-8756000.0,-1.9035786328442825
2020-08-14,1589600.0,0.48380175777524304
2020-08-17,-1626200.0,-0.24888432903231122
2020-08-18,-1655000.0,-0.25084935846932777
2020-08-19,1562900.0,0.4942290703461002
2020-08-20,-1857700.0,-0.29134279343026065
2020-08-21,-3100200.0,-0.5668418430655562
2020-08-24,-2461600.0,-0.40523568258345605
2020-08-25,-104400.0,0.1337792179712398
2020-08-26,-1431600.0,-0.17295321843221959
2020-08-27,9227600.0,2.160730524041562
2020-08-28,-3461700.0,-0.6434180039471196
2020-08-31,-10901700.0,-2.1545111652800757
2020-09-01,-3171500.0,-0.5350244011226613
2020-09-02,-5492200.0,-1.072071855199173
2020-09-03,9469400.0,2.160065196381425
2020-09-04,13283800.0,2.774022067228523
2020-09-08,11856500.0,2.318910522098199
2020-09-09,-4315100.0,-0.8532377865900043
2020-09-10,4311800.0,0.8123765855436674
2020-09-11,13487800.0,2.434316909737811
2020-09-14,-2932500.0,-0.6080971768948188
2020-09-15,-3642900.0,-0.7214447838155182
2020-09-16,2940700.0,0.48221204508690546
2020-09-17,4047700.0,0.666452597430232
2020-09-18,5671400.0,0.9475739836518479
2020-09-21,-17141000.0,-2.916599764228977
2020-09-22,-3688000.0,-0.6317834869443286
2020-09-23,1598700.0,0.2446569300640476
2020-09-24,-1594300.0,-0.2896808615402937
2020-09-25,-998500.0,-0.1971527260862715
2020-09-28,-1936000.0,-0.35906596072183583
2020-09-29,1805200.0,0.26317779328987745
2020-09-30,-1102700.0,-0.21607481481513713
2020-10-01,-2228800.0,-0.4024774817963765
2020-10-02,4215400.0,0.6620287300766461
2020-10-05,-2562700.0,-0.47707401757393586
2020-10-06,1085300.0,0.17166386477427378
2020-10-07,-1141200.0,-0.2180583085512001
2020-10-08,-5342700.0,-0.9411387852038603
2020-10-09,-163000.0,-0.03402766710450528
2020-10-12,-2946900.0,-0.5142904179935115
2020-10-13,4921800.0,0.828363898909062
2020-10-14,6328800.0,1.093524213889587
2020-10-15,1634800.0,0.2611153763312491
2020-10-16,420000.0,0.06322961881794914
2020-10-19,1320200.0,0.24191604878050468
2020-10-20,-3749400.0,-0.6585226152445623
2020-10-21,-1113200.0,-0.18176085873089995
2020-10-22,6077700.0,1.0701544344675356
2020-10-23,3887800.0,0.6575731377521185
2020-10-26,482400.0,0.04435789005242933
2020-10-27,-7524400.0,-1.3634784446531665
2020-10-28,-669800.0,-0.16111797554183363
2020-10-29,-714900.0,-0.17219282608589875
2020-10-30,107500.0,-0.02980866480883155
2020-11-02,-295100.0,-0.06948751368125844
2020-11-03,-618200.0,-0.10523234663756605
2020-11-04,-858500.0,-0.1430967463354765
2020-11-05,-539500.0,-0.10025786446886695
2020-11-06,-6786200.0,-1.2977481466720802
2020-11-09,16350800.0,2.8445624523069486
2020-11-10,4878700.0,0.7924563920978348
2020-11-11,-2982200.0,-0.5869140294322179
2020-11-12,-807800.0,-0.1977658088140382
2020-11-13,180500.0,-0.03004425521989782
2020-11-16,-1079600.0,-0.25843397783827443
2020-11-17,337000.0,-0.016715874785575718
2020-11-18,-261500.0,-0.12209325182860896
2020-11-19,861600.0,0.06982375050061117
2020-11-20,-136700.0,-0.08094291555584786
2020-11-23,-578700.0,-0.17017429300300205
2020-11-24,-48800.0,-0.11089465812913864
2020-11-25,-6363300.0,-1.2773094906709261
2020-11-27,-388600.0,-0.18098898001177108
2020-11-30,-7215800.0,-1.4250915990115753
2020-12-01,-2041100.0,-0.4164389296265216
2020-12-02,7028300.0,1.4619995482266828
2020-12-03,-5375700.0,-1.095174674869032
2020-12-04,1137400.0,0.259215854507204
2020-12-07,-6751100.0,-1.383126278497875
2020-12-08,156700.0,0.12217614236724723
2020-12-09,3747400.0,0.8830960818918845
2020-12-10,-9520700.0,-1.927693139916696
2020-12-11,-1111200.0,-0.11656906902354416
2020-12-14,-6266400.0,-1.1863268679959915
2020-12-15,4711600.0,1.229441109040265
2020-12-16,2529700.0,0.6810763955398546
2020-12-17,2587200.0,0.6893564171867249
2020-12-18,-3673600.0,-0.8018695806526409
2020-12-21,-10050400.0,-2.1933133001758702
2020-12-22,-7631600.0,-1.5840414739317874
2020-12-23,6343900.0,1.5048327136295652
2020-12-24,581500.0,0.2294150819054254
2020-12-28,-2518000.0,-0.45178065169584397
2020-12-29,-1139200.0,-0.12986123416989317
2020-12-30,-108500.0,0.09011421626296003
2020-12-31,1424800.0,0.4297363986095743
2021-01-04,-622900.0,-0.027490017476745617
2021-01-05,742500.0,0.25602859221370816
2021-01-06,10588700.0,2.3119899094145437
2021-01-07,1584500.0,0.3702421689860779
2021-01-08,-916600.0,-0.14636822277910205
2021-01-11,1957700.0,0.4993360553530934
2021-01-12,18061800.0,3.531873522955957
2021-01-13,-107900.0,-0.01162585603683365
2021-01-14,-3654700.0,-0.6851682418722828
2021-01-15,-6026500.0,-1.131210426144565
2021-01-19,3078400.0,0.6118993397287209
2021-01-20,-530400.0,-0.06256497596404124
2021-01-21,-88600.0,0.036682654657879746
2021-01-22,-46200.0,0.046728978371963506
2021-01-25,-2389100.0,-0.4363288782831131
2021-01-26,4132000.0,0.84176254289748
2021-01-27,5214600.0,1.0272219836620626
2021-01-28,1924200.0,0.3751410339303219
2021-01-29,2922700.0,0.5588389195250908
2021-02-01,-1189200.0,-0.24298330056145762
2021-02-02,56300.0,-0.0025872109603720965
2021-02-03,6584600.0,1.2338513681132741
2021-02-04,-1061100.0,-0.26339610532009555
2021-02-05,-347300.0,-0.07585225563725033
2021-02-08,66500.0,0.03068408027427401
2021-02-09,-9161500.0,-1.8957896027695362
2021-02-10,574000.0,0.15378187835609394
2021-02-11,-1329000.0,-0.24235797940968457
2021-02-12,-431700.0,-0.0553954866899039
2021-02-16,1018300.0,0.24801809480865958
2021-02-17,5978900.0,1.2548265661249698
2021-02-18,72700.0,0.029050540818595608
2021-02-19,-5466400.0,-1.0935349365237235
2021-02-22,1030500.0,0.2386403568323604
2021-02-23,13630800.0,2.6157964614150604
2021-02-24,-1982200.0,-0.42151034885228633
2021-02-25,-809100.0,-0.1905686603880966
2021-02-26,-11727500.0,-2.24940059640795
2021-03-01,-1443100.0,-0.29389330225955745
2021-03-02,-964800.0,-0.18008817711059164
2021-03-03,-975300.0,-0.1980615704940604
2021-03-04,1598300.0,0.3023864139222662
2021-03-05,-1591200.0,-0.3412273533117276
2021-03-08,2327100.0,0.42610687481320386
2021-03-09,-5025900.0,-0.9931488200780627
2021-03-10,8575900.0,1.63536636924256
2021-03-11,-1489900.0,-0.3583746760887904
2021-03-12,6601300.0,1.2049038382394428
2021-03-15,-1212400.0,-0.32869928896521555
2021-03-16,-8862000.0,-1.7703465711592112
2021-03-17,-99400.0,-0.05830339131248729
2021-03-18,-967800.0,-0.2372510485926568
2021-03-19,-2846800.0,-0.6490984937567031
2021-03-22,-3253200.0,-0.7595487504117517
2021-03-23,-3426500.0,-0.767655560212325
2021-03-24,-3684600.0,-0.8019796618033208
2021-03-25,2070700.0,0.3697301487361836
2021-03-26,693100.0,0.07893633895580839
2021-03-29,-346400.0,-0.1350860384242671
2021-03-30,-1356100.0,-0.3340150451618256
2021-03-31,1733300.0,0.29590332186983165
2021-04-01,4055400.0,0.7601887953076837
2021-04-05,1390200.0,0.2538355570749282
2021-04-06,-1536900.0,-0.36026489214304225
2021-04-07,913800.0,0.1566334345488284
2021-04-08,756700.0,0.12749133622487163
2021-04-09,479300.0,0.15130901248055967
2021-04-12,5878100.0,1.4356156704246021
2021-04-13,5132500.0,1.2115440434120375
2021-04-14,-46000.0,-0.06383195718991783
2021-04-15,1104600.0,0.22830170523385518
2021-04-16,5287900.0,1.2221078060768198
2021-04-19,-1464300.0,-0.41863646960229295
2021-04-20,-2294800.0,-0.6098492851499379
2021-04-21,-1369000.0,-0.3900403684632786
2021-04-22,-1580000.0,-0.42085220294823106
2021-04-23,2728000.0,0.6504528178459559
2021-04-26,1090600.0,0.24932257407704506
2021-04-27,331800.0,0.07246450613832475
2021-04-28,-2403400.0,-0.6011275098504619
2021-04-29,7289200.0,1.7269656746915762
2021-04-30,-1955200.0,-0.4811478629150889
2021-05-03,8884100.0,2.068255154726988
2021-05-04,-1055600.0,-0.28631922053852676
2021-05-05,5889200.0,1.3167933633363191
2021-05-06,1487300.0,0.25845157027713567
2021-05-07,2242300.0,0.43496565074974625
2021-05-10,-1048300.0,-0.3669748286731392
2021-05-11,-3882800.0,-1.0337220671141403
2021-05-12,-778600.0,-0.27742312292758253
2021-05-13,2964400.0,0.6452876158130113
2021-05-14,953900.0,0.1507842410767933
2021-05-17,-300000.0,-0.17942539292746473
2021-05-18,-206800.0,-0.15115318386034815
2021-05-19,-8358900.0,-2.211582745294242
2021-05-20,1272000.0,0.3120565779030785
2021-05-21,-1970300.0,-0.5373645840393083
2021-05-24,-3177600.0,-0.9699433293456756
2021-05-25,-6376100.0,-1.8116027330035294
2021-05-26,928000.0,0.21337882311786244
2021-05-27,5619400.0,1.4630528715103301
2021-05-28,1478500.0,0.3307390153363504
2021-06-01,-209200.0,-0.1376825674656372
2021-06-02,-339100.0,-0.16151538724627862
2021-06-03,-54400.0,-0.10799468687077508
2021-06-04,-153700.0,-0.09974388764356026
2021-06-07,-8293100.0,-2.3432934922832906
2021-06-08,1804800.0,0.5217182746941694
2021-06-09,-2191400.0,-0.6225519373059384
2021-06-10,133300.0,0.0021927906661276114
2021-06-11,-52500.0,-0.05464542344532186
2021-06-14,-261200.0,-0.12191037076958743
2021-06-15,-2086900.0,-0.68453979602832
2021-06-16,-337400.0,-0.16585274263347236
2021-06-17,-15649900.0,-4.11045473815722
2021-06-18,57300.0,-0.0003346032553264992
2021-06-21,-576200.0,-0.15678871109248252
2021-06-22,1731000.0,0.45040667108934884
2021-06-23,-692900.0,-0.1905021064109688
2021-06-24,2032400.0,0.5161499019063839
2021-06-25,6454700.0,1.6299901452357215
2021-06-28,492900.0,0.10219292718558351
2021-06-29,-2910800.0,-0.7652251606387547
2021-06-30,10891700.0,2.6084353807594742
2021-07-01,193800.0,-0.00769448580660148
2021-07-02,883200.0,0.16059610411219566
2021-07-06,-8175500.0,-1.954546194229313
2021-07-07,-4256300.0,-0.994825435283991
2021-07-08,-1966500.0,-0.42545686575845415
2021-07-09,2017700.0,0.5268199687655106
2021-07-12,14804700.0,3.220893313065181
2021-07-13,-15436600.0,-3.0641454977418405
2021-07-14,841200.0,0.22039308107571598
2021-07-15,-32500.0,0.03609525747544841
2021-07-16,-686100.0,-0.09864730671511075
2021-07-19,-4423600.0,-0.8418198368657311
2021-07-20,1162000.0,0.28986196051770374
2021-07-21,-7247100.0,-1.3596046916999074
2021-07-22,1306900.0,0.3383528001546234
2021-07-23,652900.0,0.1984520591786921
2021-07-26,579500.0,0.210240922839236
2021-07-27,9235000.0,1.8714264996951897
2021-07-28,-7395500.0,-1.3664552291214278
2021-07-29,-1148500.0,-0.12075258721679229
2021-07-30,-673900.0,-0.004397309637479658
2021-08-02,202300.0,0.17737249398849864
2021-08-03,839800.0,0.31188345382844507
2021-08-04,-6166800.0,-1.0817646556551836
2021-08-05,1154000.0,0.37293534047460103
2021-08-06,4524300.0,1.0243137949994892
2021-08-09,99500.0,0.15169826067607492
2021-08-10,5702400.0,1.242626222755245
2021-08-11,12913900.0,2.4824770667458704
2021-08-12,2962000.0,0.6092084654272637
2021-08-13,1310100.0,0.27641914911605003
2021-08-16,884300.0,0.19678034027462232
2021-08-17,-4123700.0,-0.7456283347804938
2021-08-18,-2486600.0,-0.43824815517139387
2021-08-19,1546800.0,0.3048635439007348
2021-08-20,1081800.0,0.2151881267710765
2021-08-23,1063300.0,0.22842841886413812
2021-08-24,259800.0,0.0768495188748222
2021-08-25,-401700.0,-0.050703962849464615
2021-08-26,-1636200.0,-0.28551719937045533
2021-08-27,2174700.0,0.44443047772832195
2021-08-30,-550200.0,-0.08100839761825661
2021-08-31,11058900.0,2.0665749950347925
2021-09-01,-516400.0,-0.1273329075994162
2021-09-02,114400.0,-0.014636161355163158
2021-09-03,-4700500.0,-0.9105034817722688
2021-09-07,802300.0,0.12818701665184937
2021-09-08,-1161600.0,-0.24048256292260206
2021-09-09,-1887600.0,-0.37852168306138406
2021-09-10,20000.0,-0.018756791861274314
2021-09-13,-6530200.0,-1.3755544621209255
2021-09-14,9381900.0,1.7620961863354099
2021-09-15,3058900.0,0.5050890167805452
2021-09-16,-4232500.0,-0.901488069135005
2021-09-17,-2091600.0,-0.4784499598500515
2021-09-20,8227100.0,1.483973625908835
2021-09-21,-9064900.0,-1.7462189656194949
2021-09-22,2311400.0,0.3896586772362579
2021-09-23,1392500.0,0.20391523977752718
2021-09-24,-9793800.0,-1.8498018346302445
2021-09-27,-166300.0,-0.023990629899465623
2021-09-28,4003300.0,0.7529093408276488
2021-09-29,9680300.0,1.7565866007537698
2021-09-30,-3991900.0,-0.8078053645982544
2021-10-01,1286900.0,0.1725110112568563
2021-10-04,-921400.0,-0.23317915246027554
2021-10-05,932100.0,0.16972123047543952
2021-10-06,-10027900.0,-2.158512228213744
2021-10-07,-9136300.0,-1.8755285090644276
2021-10-08,-1064500.0,-0.2171133201136966
2021-10-11,-772200.0,-0.15691213305250226
2021-10-12,-3168300.0,-0.654428694126124
2021-10-13,478200.0,0.09773648543495075
2021-10-14,-1173000.0,-0.2677576937837421
2021-10-15,539900.0,0.09404036759187737
2021-10-18,24100.0,-0.011940887670338766
2021-10-19,-239400.0,-0.06435178631463939
2021-10-20,8430200.0,1.7663672880629893
2021-10-21,1589300.0,0.2983811268780286
2021-10-22,-1559000.0,-0.3779312218539173
2021-10-25,-70300.0,-0.05968717427241297
2021-10-26,-459100.0,-0.14099723327772049
2021-10-27,-191900.0,-0.07978713910819475
2021-10-28,377500.0,0.0196324797341378
2021-10-29,1916000.0,0.35325478168306884
2021-11-01,-69200.0,-0.06457036425012376
2021-11-02,735600.0,0.11036591541133207
2021-11-03,488100.0,0.075944925891615
2021-11-04,575900.0,0.15242053975532519
2021-11-05,1554700.0,0.3946769526791671
2021-11-08,323000.0,0.10162353008390614
2021-11-09,-675000.0,-0.1330971922615115
2021-11-10,8575300.0,1.9944481867256132
2021-11-11,1293600.0,0.2692356397909883
2021-11-12,-221600.0,-0.08084613495034622
2021-11-15,6224700.0,1.3955089992175156
2021-11-16,1445600.0,0.28565256224100666
2021-11-17,5343500.0,1.1560579228448153
2021-11-18,-638700.0,-0.2137054204655287
2021-11-19,-12808200.0,-2.7622094158210135
2021-11-22,2753000.0,0.5630108035523635
2021-11-23,19357700.0,3.5691337210709237
2021-11-24,1167300.0,0.17266626492372883
2021-11-26,-2742200.0,-0.5831558724619105
2021-11-29,768600.0,0.09952674819848667
2021-11-30,-4371200.0,-0.9049565460977744
2021-12-01,-3445300.0,-0.707356097870228
2021-12-02,3344100.0,0.5965482113366927
2021-12-03,-1727900.0,-0.38769940980785395
2021-12-06,2371300.0,0.39931270174371414
2021-12-07,2619000.0,0.4235689783932773
2021-12-08,2401600.0,0.4142270560015975
2021-12-09,-2915700.0,-0.6366732390931954
2021-12-10,2395200.0,0.4126643749527422
2021-12-13,-5338800.0,-1.1319570513116166
2021-12-14,-5557900.0,-1.1422057551723563
2021-12-15,3086000.0,0.5859833938152174
2021-12-16,-2850700.0,-0.6327218535319594
2021-12-17,-5140300.0,-1.0762345112209895
2021-12-20,-2443500.0,-0.5646161737249342
2021-12-21,2407400.0,0.4602376057356017
2021-12-22,1962000.0,0.37425596312457043
2021-12-23,1958400.0,0.41536229504427125
2021-12-27,30100.0,-0.026847683704798182
2021-12-28,-115100.0,-0.05405712389223982
2021-12-29,379300.0,0.05148536375760612
2021-12-30,-1354600.0,-0.32699759043902776
2021-12-31,-779300.0,-0.24389793342093424
2022-01-03,1107500.0,0.16389992825659616
2022-01-04,1120800.0,0.1584090840265276
2022-01-05,359800.0,-0.032006949792390285
2022-01-06,-125500.0,-0.1640644815047461
2022-01-07,7008800.0,1.5320156855172775
2022-01-10,-30654300.0,-5.321059330852285
2022-01-11,3014400.0,0.4850001244308956
2022-01-12,-591000.0,-0.1345788500297533
2022-01-13,-552700.0,-0.127067614609618
2022-01-14,5708900.0,0.9688388926533211
2022-01-18,-3840100.0,-0.6742293530651028
2022-01-19,13776800.0,2.2343915872259874
2022-01-20,-3871300.0,-0.6793623895533077
2022-01-21,1017400.0,0.12416184453831657
2022-01-24,-31611800.0,-4.283166809321759
2022-01-25,-8035200.0,-1.0336976289547728
2022-01-26,-45970500.0,-4.744817137201615
2022-01-27,-12283400.0,-1.1404963432585706
2022-01-28,5580000.0,0.7200238039403606
2022-01-31,3088900.0,0.4548405832465874
2022-02-01,-3943800.0,-0.2701150195993231
2022-02-02,4707300.0,0.6240676846989424
2022-02-03,-2327200.0,-0.10232256531692761
2022-02-04,3452100.0,0.4901585895596426
2022-02-07,-3537200.0,-0.2156704221769216
2022-02-08,2764300.0,0.4406072596671637
2022-02-09,-2389000.0,-0.094247594577127
2022-02-10,-1344000.0,0.028327742213092397
2022-02-11,2153500.0,0.3945552485656226
2022-02-14,9831800.0,1.1843809577259516
2022-02-15,3767500.0,0.5430480729788396
2022-02-16,8955600.0,1.0476896792887938
2022-02-17,-2786800.0,-0.16744034670667535
2022-02-18,-2887900.0,-0.14513240551365986
2022-02-22,7529000.0,0.9693526484261982
2022-02-23,-5597900.0,-0.4423357377176498
2022-02-24,779900.0,0.24529943238357085
2022-02-25,4286500.0,0.6063959906404152
2022-02-28,-15914000.0,-1.514003514095239
2022-03-01,-11443100.0,-1.0098371514528577
2022-03-02,6076800.0,0.8076420785206948
2022-03-03,-6966200.0,-0.534550247769395
2022-03-04,-4619500.0,-0.27805581534618307
2022-03-07,-1715700.0,0.03176457929057039
2022-03-08,-482500.0,0.15625240816706668
2022-03-09,2387000.0,0.45579690784150517
2022-03-10,-140200.0,0.1830953685266426
2022-03-11,-4929300.0,-0.3184135690325155
2022-03-14,-193100.0,0.18262746657825138
2022-03-15,3813800.0,0.5888719361423606
2022-03-16,2628900.0,0.45130479258927486
2022-03-17,3230500.0,0.5031326734521205
2022-03-18,1224800.0,0.2965815659236624
2022-03-21,-1774300.0,-0.00942672728755423
2022-03-22,2050000.0,0.3893344074901665
2022-03-23,-2450800.0,-0.07585633621058809
2022-03-24,759500.0,0.2574859513332444
2022-03-25,9367000.0,1.1275389635762145
2022-03-28,112700.0,0.1699840791570497
2022-03-29,-9974400.0,-0.8495895019995295
2022-03-30,-2433900.0,-0.07045402599543195
2022-03-31,-2337400.0,-0.054679211225752665
2022-04-01,7751000.0,0.9611441096489571
2022-04-04,1670500.0,0.33825842047423005
2022-04-05,800000.0,0.26176916836129066
2022-04-06,-1241900.0,0.002567896209934762
2022-04-07,2668400.0,0.4381196489059038
2022-04-08,-1408400.0,-0.013793796880073957
2022-04-11,-956600.0,0.03720891260897819
2022-04-12,16482700.0,1.9048349841052012
2022-04-13,2556500.0,0.3853743836954678
2022-04-14,-1268200.0,-0.0013841766913947576
2022-04-18,-751700.0,0.05006023559684617
2022-04-19,2237700.0,0.37862104428815835
2022-04-20,-1052300.0,-0.04667244299719292
2022-04-21,-1582500.0,-0.12624485931375526
2022-04-22,-1904100.0,-0.3827315671765857
2022-04-25,2759500.0,0.45274791843610923
2022-04-26,-3871100.0,-0.8017051038485346
2022-04-27,-3851300.0,-0.773423240551363
2022-04-28,999200.0,0.15004671988265014
2022-04-29,-3820800.0,-0.7611174368685333
2022-05-02,3700300.0,0.6832069760924174
2022-05-03,4112500.0,0.7600523361901584
2022-05-04,-16746600.0,-2.9980039768823357
2022-05-05,-4531200.0,-0.7838949637880702
2022-05-06,5198400.0,0.9265546746932152
2022-05-09,8762200.0,1.5003859717686647
2022-05-10,-3570400.0,-0.6301138386273867
2022-05-11,10322100.0,1.7786321151969042
2022-05-12,2461800.0,0.42049895226467093
2022-05-13,357200.0,0.0814659282226341
2022-05-16,11886000.0,2.0133866039394173
2022-05-17,1304000.0,0.18752427502573105
2022-05-18,-1594000.0,-0.2879647083532763
2022-05-19,-1981500.0,-0.36856955680435993
2022-05-20,2218200.0,0.36318028116649226
2022-05-23,748500.0,0.11660876801745781
2022-05-24,-265400.0,-0.11583547395785333
2022-05-25,2273400.0,0.3359349259140472
2022-05-26,-278200.0,-0.14934012900398205
2022-05-27,-5448600.0,-1.1957775398526418
2022-05-31,-1926700.0,-0.4996944677401143
2022-06-01,2083400.0,0.30034641899173
2022-06-02,-770900.0,-0.2775676344333558
2022-06-03,3941800.0,0.670997116038261
2022-06-06,343800.0,-0.05826106651891098
2022-06-07,225900.0,-0.10058055884797934
2022-06-08,-1129000.0,-0.37411180154249396
2022-06-09,-1284800.0,-0.38943169014111406
2022-06-10,2272200.0,0.34023826233854393
2022-06-13,-1915200.0,-0.5001251287867993
2022-06-14,-18777900.0,-3.4628498548190145
2022-06-15,2175000.0,0.3499684041239914
2022-06-16,4976700.0,0.8480063938936767
2022-06-17,6933800.0,1.1637098258659149
2022-06-21,1214000.0,0.13366206753157261
2022-06-22,-821800.0,-0.2064094430063892
2022-06-23,2573000.0,0.40961236465650724
2022-06-24,-156100.0,-0.1253889590566826
2022-06-27,-3971900.0,-0.8407898913576468
2022-06-28,-653700.0,-0.21984120989109193
2022-06-29,-6957000.0,-1.3664871632984035
2022-06-30,-2845100.0,-0.5727132185502779
2022-07-01,1290900.0,0.20676788838704574
2022-07-05,817000.0,0.11087508741514127
2022-07-06,1742800.0,0.2889947161022774
2022-07-07,1579100.0,0.24869053192375534
2022-07-08,-9192400.0,-1.7182695836876114
2022-07-11,-488400.0,-0.06679635958244537
2022-07-12,1135800.0,0.264565011967621
2022-07-13,81200.0,0.047913117789658635
2022-07-14,-9111500.0,-1.7279682767630709
2022-07-15,875000.0,0.23442143907003715
2022-07-18,71600.0,0.07300997965202011
2022-07-19,1389600.0,0.32198744083155123
2022-07-20,715100.0,0.18112549285596602
2022-07-21,4725000.0,0.9575090128461894
2022-07-22,-2583400.0,-0.4762565117133218
2022-07-25,8645100.0,1.6505540066623294
2022-07-26,-1594700.0,-0.308621114431605
2022-07-27,-843500.0,-0.17465238440442798
2022-07-28,1580000.0,0.30071839419644697
2022-07-29,-184900.0,-0.02721191455604518
2022-08-01,886500.0,0.1372193185124677
2022-08-02,469300.0,0.029786400052439342
2022-08-03,696800.0,0.09640948693691237
2022-08-04,-6701000.0,-1.4861815527348772
2022-08-05,-251900.0,-0.06837351513325055
2022-08-08,-45000.0,0.017088218991963305
2022-08-09,668600.0,0.1914700479393953
2022-08-10,-1372400.0,-0.2801902562898393
2022-08-11,9377100.0,2.3078854867641216
2022-08-12,1721900.0,0.4647125959408429
2022-08-15,-6200.0,0.04305751623523771
2022-08-16,6450000.0,1.5329034032540905
2022-08-17,333200.0,0.0968297688024557
2022-08-18,609800.0,0.16283327632301284
2022-08-19,-1218500.0,-0.26584841430281264
2022-08-22,-1546700.0,-0.3289862446904815
2022-08-23,-2040800.0,-0.43835087451691374
2022-08-24,-59000.0,0.00922687176175979
2022-08-25,693600.0,0.17941992797875667
2022-08-26,-1643300.0,-0.3670571942595105
2022-08-29,-223000.0,-0.02793133361078958
2022-08-30,-1722500.0,-0.3682636939707022
2022-08-31,-2813000.0,-0.6175603231947655
2022-09-01,9892500.0,2.2975759298408196
2022-09-02,147700.0,0.05044460671461885
2022-09-06,-22900.0,0.006334149744784276
2022-09-07,2225100.0,0.5244167890565495
2022-09-08,854300.0,0.19822180286772062
2022-09-09,125100.0,-0.05185141433016973
2022-09-12,370000.0,0.025310481704488685
2022-09-13,546700.0,0.09718579993275657
2022-09-14,760500.0,0.19374513218944273
2022-09-15,486700.0,0.11670471650886195
2022-09-16,553300.0,0.12965340027359476
2022-09-19,-18715600.0,-4.447145519570756
2022-09-20,-323800.0,-0.019308481639392357
2022-09-21,-3356600.0,-0.7533759847938231
2022-09-22,-1653200.0,-0.3381700808592916
2022-09-23,14567600.0,3.229405063030162
2022-09-26,1748900.0,0.350174737491597
2022-09-27,-28721900.0,-4.884311631026752
2022-09-28,-4382100.0,-0.6818926086925414
2022-09-29,15516900.0,2.5370774420112068
2022-09-30,592900.0,0.12641762137726947
2022-10-03,-498600.0,-0.0750144861459032
2022-10-04,-3199200.0,-0.511591351316643
2022-10-05,-9886100.0,-1.548699788932883
2022-10-06,7778200.0,1.2587167186141228
2022-10-07,2153700.0,0.3409329031110274
2022-10-10,3702100.0,0.5818879495697501
2022-10-11,2376700.0,0.36173006714698547
2022-10-12,2022000.0,0.30281399205947157
2022-10-13,-3159700.0,-0.5192356894809662
2022-10-14,-400600.0,-0.06295115847525465
2022-10-17,187900.0,0.02455156063819431
2022-10-18,-4116800.0,-0.6449565144674106
2022-10-19,-1550000.0,-0.224913855752022
2022-10-20,-8840200.0,-1.3737367472662656
2022-10-21,317200.0,0.10435386744596399
2022-10-24,491900.0,0.13066953371482737
2022-10-25,-151700.0,0.02976892482403293
2022-10-26,-924900.0,-0.09111165204510717
2022-10-27,-121200.0,0.04063972796509746
2022-10-28,-302800.0,-0.005883636725676226
2022-10-31,-2027200.0,-0.2814180794006771
2022-11-01,-4041800.0,-0.5962900706618203
2022-11-02,-2349600.0,-0.31367268796910336
2022-11-03,13301600.0,2.097970017325136
2022-11-04,-1308200.0,-0.1526652652459371
2022-11-07,-1877800.0,-0.2336836014761153
2022-11-08,-619600.0,-0.032201871356347896
2022-11-09,-3154300.0,-0.41306438971110016
2022-11-10,-6393500.0,-0.9078830010338935
2022-11-11,-6465000.0,-0.8945932552040985
2022-11-14,1337300.0,0.3319941217935542
2022-11-15,-1126700.0,-0.058345995751760145
2022-11-16,149300.0,0.13749903372934186
2022-11-17,2478200.0,0.4977930060718035
2022-11-18,-1152700.0,-0.06993483045061416
2022-11-21,5834000.0,1.0038893914118134
2022-11-22,-823400.0,-0.0357616487345711
2022-11-23,-1257200.0,-0.10484005418452855
2022-11-25,271900.0,0.12642816660937936
2022-11-28,2535900.0,0.510852181684018
2022-11-29,-133400.0,0.0846891480807433
2022-11-30,1191600.0,0.2931940129951392
2022-12-01,-16916300.0,-2.4222757658613876
2022-12-02,690400.0,0.25126194423513376
2022-12-05,-217800.0,0.1142431904352405
2022-12-06,2262700.0,0.48532256266858576
2022-12-07,2728400.0,0.549219186508566
2022-12-08,-803500.0,0.018883593683261257
2022-12-09,8057900.0,1.3212160970291673
2022-12-12,146200.0,0.14244559055437556
2022-12-13,-1454700.0,-0.14864388808630002
2022-12-14,-3826500.0,-0.5158255968177587
2022-12-15,-427200.0,0.01647544201086264
2022-12-16,-1638500.0,-0.17632109218824615
2022-12-19,8369500.0,1.480983523613734
2022-12-20,-2157600.0,-0.24014592859170122
2022-12-21,-526900.0,-0.06163679504484787
2022-12-22,-1377400.0,-0.24941798555243708
2022-12-23,-4664700.0,-0.9484549465886258
2022-12-27,942600.0,0.3317665226317588
2022-12-28,222500.0,0.16445098588514165
2022-12-29,361700.0,0.18324118483063426
2022-12-30,-311600.0,-0.00791155603715673
2023-01-03,-514700.0,-0.024203082179268306
2023-01-04,-756000.0,-0.0720717983855336
2023-01-05,119100.0,0.16106753158456188
2023-01-06,-1336400.0,-0.18827067569085995
2023-01-09,-8641100.0,-1.921448300829266
2023-01-10,-14473300.0,-3.034150322622451
2023-01-11,2106600.0,0.6746909140947531
2023-01-12,-315200.0,0.13518900008246423
2023-01-13,-764100.0,0.02239690636566471
2023-01-17,-7872500.0,-1.5198570773642446
2023-01-18,1497900.0,0.5176316958390832
2023-01-19,3995200.0,1.057362682647901
2023-01-20,-1988200.0,-0.27073627475269063
2023-01-23,-5787000.0,-1.0877382451363782
2023-01-24,367700.0,0.2691002734600685
2023-01-25,9621700.0,2.184193770594564
2023-01-26,-809200.0,-0.024124211728882884
2023-01-27,-525500.0,0.03070697553469469
2023-01-30,1374600.0,0.4156715777437677
2023-01-31,1454800.0,0.41911946419099355
2023-02-01,754600.0,0.34076687893114604
2023-02-02,-6743100.0,-1.3431253023375413
2023-02-03,1758800.0,0.5685374589243437
2023-02-06,-26200.0,0.1626751871766285
2023-02-07,1301600.0,0.4464135296036975
2023-02-08,7332000.0,1.7378724675446824
2023-02-09,-254800.0,0.019192582517764654
2023-02-10,5353500.0,1.2615660223971434
2023-02-13,-4070800.0,-0.8359544621165825
2023-02-14,-8340400.0,-1.711598717916771
2023-02-15,-206800.0,0.06560527974277831
2023-02-16,339100.0,0.17919234778690407
2023-02-17,1274600.0,0.4058335633377249
2023-02-21,2020200.0,0.5588902805565853
2023-02-22,-224900.0,0.05946743775229105
2023-02-23,1319600.0,0.3962113727955723
2023-02-24,-1290400.0,-0.16598867588074473
2023-02-27,-109900.0,0.0952341565819619
2023-02-28,-3536300.0,-0.6442723546922462
2023-03-01,-2361800.0,-0.4964521286270582
2023-03-02,759000.0,0.2835834557547952
2023-03-03,-233600.0,0.03547338807812792
2023-03-06,1445800.0,0.4596632297636436
2023-03-07,-1054600.0,-0.15169229152019972
2023-03-08,-209300.0,0.05865407461319213
2023-03-09,692500.0,0.3296208633426384
2023-03-10,-1126400.0,-0.14161593010367618
2023-03-13,-18989500.0,-4.03054345918114
2023-03-14,1051300.0,0.41229609469585143
2023-03-15,3516800.0,0.9403673267541308
2023-03-16,-5086100.0,-0.9442036263210704
2023-03-17,-2377700.0,-0.3208704365881125
2023-03-20,1113000.0,0.46071028868419883
2023-03-21,-3212900.0,-0.5114551578480265
2023-03-22,38500.0,0.22068195992033654
2023-03-23,-15600.0,0.19196943291153445
2023-03-24,1898700.0,0.623806777104939
2023-03-27,9448900.0,2.209639002482064
2023-03-28,2272200.0,0.6362964289777912
2023-03-29,1297100.0,0.41794332148898644
2023-03-30,1095200.0,0.36787832505647466
2023-03-31,171700.0,0.16431406023629408
2023-04-03,10622500.0,2.2818096840473006
2023-04-04,198700.0,0.12091328555489478
2023-04-05,6066700.0,1.2981897492900794
2023-04-06,745900.0,0.14397426877978467
2023-04-10,5170700.0,1.1282135612320714
2023-04-11,9571800.0,2.0092516757451735
2023-04-12,-899800.0,-0.26653786395671136
2023-04-13,-4969200.0,-1.1802776224655196
2023-04-14,662900.0,0.06671726829628834
2023-04-17,-23900.0,-0.07063118766290771
2023-04-18,-782600.0,-0.2440911533169264
2023-04-19,-798600.0,-0.270320111661528
2023-04-20,-979000.0,-0.30578011575760905
2023-04-21,6016800.0,1.3190556687900685
2023-04-24,5742500.0,1.2152895171741322
2023-04-25,-561200.0,-0.22494559759916072
2023-04-26,-11424300.0,-2.5107651857550675
2023-04-27,843300.0,0.13893989555528866
2023-04-28,959000.0,0.16316744443267125
2023-05-01,-4974700.0,-1.1338479780659902
2023-05-02,-1931900.0,-0.45752546383747483
2023-05-03,-929600.0,-0.23608625640892664
2023-05-04,-193900.0,-0.07072130682040029
2023-05-05,-91100.0,-0.02190842728651218
2023-05-08,994000.0,0.2146157783505943
2023-05-09,-913500.0,-0.18830537206287648
2023-05-10,14900.0,0.005207379962210485
2023-05-11,-147200.0,-0.06443623653860292
2023-05-12,-341600.0,-0.10934709303749467
2023-05-15,-193800.0,-0.07272242197871777
2023-05-16,-1008800.0,-0.25434003206979716
2023-05-17,-5191900.0,-1.1913480923716215
2023-05-18,-7997700.0,-1.7612915979497563
2023-05-19,-982700.0,-0.17425709067508274
2023-05-22,847800.0,0.2299240042813092
2023-05-23,70200.0,0.05413664346241627
2023-05-24,-594600.0,-0.1071300303869611
2023-05-25,-2399400.0,-0.5153562934770789
2023-05-26,1441700.0,0.35095019132375255
2023-05-30,-3115600.0,-0.6660796615181283
2023-05-31,-1077200.0,-0.19762568155504184
2023-06-01,-433700.0,-0.054915147563407894
2023-06-02,716100.0,0.20080421245896315
2023-06-05,-1194300.0,-0.2227095132846888
2023-06-06,697500.0,0.19683580906389464
2023-06-07,439800.0,0.07916196305603779
2023-06-08,1490500.0,0.36203086511147314
2023-06-09,-1619400.0,-0.46049257608915733
2023-06-12,708700.0,0.15041355605892043
2023-06-13,2100.0,-0.05678822303672802
2023-06-14,-9374000.0,-2.4783345754612887
2023-06-15,764700.0,0.17688031392799355
2023-06-16,-1501500.0,-0.41648517944853874
2023-06-20,1550200.0,0.3839483851562426
2023-06-21,222000.0,0.04026642430107338
2023-06-22,-10983900.0,-2.792969096331184
2023-06-23,1635000.0,0.5003668488895081
2023-06-26,-1615800.0,-0.33599513541918824
2023-06-27,2653600.0,0.7695924745820834
2023-06-28,-17600.0,0.07529261279802353
2023-06-29,602200.0,0.30166375376766247
2023-06-30,1783300.0,0.6234478996677452
2023-07-03,8587300.0,2.4506357656814175
2023-07-05,-2493000.0,-0.5531648727272251
2023-07-06,284800.0,0.22918940568136928
2023-07-07,-894500.0,-0.053491704479808805
2023-07-10,-220900.0,0.14422795718577142
2023-07-11,-2529400.0,-0.5634683983027887
2023-07-12,985200.0,0.4958125403719925
2023-07-13,165900.0,0.24759202068501104
2023-07-14,2667000.0,0.9766458411802564
2023-07-17,-1567600.0,-0.28626179997576573
2023-07-18,1576500.0,0.638849621477188
2023-07-19,14522200.0,3.9435715310436383
2023-07-20,-1709500.0,-0.3128626287404985
2023-07-21,-832700.0,-0.07505403572452189
2023-07-24,-2275300.0,-0.5462435595518977
2023-07-25,-762600.0,-0.09743602952525873
2023-07-26,8312100.0,2.3919043344311195
2023-07-27,-543700.0,-0.0876660645298299
2023-07-28,910700.0,0.30893902014261604
2023-07-31,204900.0,0.10463936342873544
2023-08-01,-5904000.0,-1.5577641891948086
2023-08-02,2475700.0,0.7402759282345628
2023-08-03,964700.0,0.32525457552245035
2023-08-04,5242500.0,1.4461749983879415
2023-08-07,-1659600.0,-0.4083386942631545
2023-08-08,202200.0,0.0918012031132619
2023-08-09,3198600.0,0.8774521604992899
2023-08-10,-2239500.0,-0.5674734796554779
2023-08-11,1277400.0,0.36089575870271284
2023-08-14,-2116600.0,-0.5657831786773664
2023-08-15,-382500.0,-0.13677148587785634
2023-08-16,1129500.0,0.279555333506065
2023-08-17,-97400.0,-0.06191584262292365
2023-08-18,-1932000.0,-0.5682978460168119
2023-08-21,-1538700.0,-0.45260932258941255
2023-08-22,-8280000.0,-2.2262180283869184
2023-08-23,-2841100.0,-0.7377209361466616
2023-08-24,3956100.0,1.0533508715468691
2023-08-25,-567500.0,-0.16004749483515285
2023-08-28,-224100.0,-0.06900756548603391
2023-08-29,179800.0,0.04159547672595855
2023-08-30,-917000.0,-0.25362813072450646
2023-08-31,-6514900.0,-1.67999568955079
2023-09-01,-152700.0,-0.013550887493241305
2023-09-05,-4432200.0,-1.097198204397017
2023-09-06,-1141700.0,-0.2464382122074916
2023-09-07,2407300.0,0.6645742801974657
2023-09-08,247800.0,0.10522140815890219
2023-09-11,1176800.0,0.3154823416004922
2023-09-12,94500.0,0.024226399401036863
2023-09-13,109900.0,0.021140531793492685
2023-09-14,814900.0,0.2167613299945248
2023-09-15,-471500.0,-0.13087691451935923
2023-09-18,1733500.0,0.4479972044381457
2023-09-19,-265900.0,-0.13480058701760048
2023-09-20,-2236900.0,-0.7147166270100686
2023-09-21,-278200.0,-0.1212018533180916
2023-09-22,-12950000.0,-3.4174255273503644
2023-09-25,-4046100.0,-1.0224120289194052
2023-09-26,-619400.0,-0.10975238687361323
2023-09-27,1985300.0,0.6347141390647738
2023-09-28,1307000.0,0.4306067663311824
2023-09-29,-10916700.0,-2.7089520915617067
2023-10-02,-12687700.0,-2.8842498335092426
2023-10-03,438600.0,0.2537649928987156
2023-10-04,-131000.0,0.10816266776020424
2023-10-05,-7988800.0,-1.6968412714380665
2023-10-06,-1108100.0,-0.08299057656815831
2023-10-09,-978900.0,-0.038770812318768375
2023-10-10,-4045200.0,-0.7468474747906313
2023-10-11,1206800.0,0.4846349324058529
2023-10-12,-1297100.0,-0.0457297824614727
2023-10-13,3900400.0,1.293055969470696
2023-10-16,2576900.0,0.9243116450513789
2023-10-17,8047200.0,2.2065579076443487
2023-10-18,-5343600.0,-1.1014157015303658
2023-10-19,-6537000.0,-1.375198680874499
2023-10-20,-2428700.0,-0.3227419032307653
2023-10-23,-10028100.0,-2.124184420625363
2023-10-24,4505500.0,1.389822003669264
2023-10-25,-1458000.0,-0.06409023341318448
2023-10-26,-1037200.0,0.05290424882575088
2023-10-27,-13617300.0,-2.7729067430664216
2023-10-30,1841400.0,0.7886400116916976
2023-10-31,6005400.0,1.683742987422186
2023-11-01,2528700.0,0.8822050649181673
2023-11-02,823600.0,0.5104793058893958
2023-11-03,3410800.0,1.065940784850033
2023-11-06,-554300.0,0.18208976129357815
2023-11-07,-30100.0,0.29224704195035217
2023-11-08,670900.0,0.44560672902186815
2023-11-09,-1802300.0,-0.10001919555565308
2023-11-10,441600.0,0.40372407448478476
2023-11-13,939400.0,0.5040930022655454
2023-11-14,-593400.0,0.15578727624344196
2023-11-15,1579600.0,0.6187884221562789
2023-11-16,443200.0,0.34605773052336336
2023-11-17,-4232800.0,-0.6991570900972358
2023-11-20,935100.0,0.48694728754444294
2023-11-21,6579600.0,1.7166014863938437
2023-11-22,300000.0,0.3060558241267409
2023-11-24,2626500.0,0.8105105510397977
2023-11-27,422400.0,0.29631890533574673
2023-11-28,-441800.0,0.10207817541716278
2023-11-29,-6738900.0,-1.3007578553792896
2023-11-30,6648700.0,1.6302474685903703
2023-12-01,1864200.0,0.5861078013169737
2023-12-04,-860400.0,-0.0067840098347117855
2023-12-05,-11739000.0,-2.2438302601108715
2023-12-06,-1479200.0,-0.08569583089482916
2023-12-07,3370500.0,0.9146980301018984
2023-12-08,2435300.0,0.7118503982838613
2023-12-11,1513200.0,0.5122095261356299
2023-12-12,4057700.0,1.0252588142372758
2023-12-13,2989000.0,0.789705930909791
2023-12-14,2446000.0,0.6603581583778863
2023-12-15,-11243900.0,-2.024504084008591
2023-12-18,-1565700.0,-0.16308760198878922
2023-12-19,2039000.0,0.5633935329465327
2023-12-20,-3164000.0,-0.5059408755035559
2023-12-21,5597500.0,1.2800177241463
2023-12-22,1106800.0,0.3620866401930113
2023-12-26,-317900.0,0.03577946441177976
2023-12-27,-1350200.0,-0.23836656822495958
2023-12-28,865500.0,0.26141317018698307
2023-12-29,273200.0,0.1258642842180136
2024-01-02,-211500.0,-0.01346704797674626
2024-01-03,5005600.0,1.1619959729480809
2024-01-04,-2007900.0,-0.44495543834982954
2024-01-05,6938300.0,1.5444760842160552
2024-01-08,3294600.0,0.709208605965074
2024-01-09,-8119600.0,-1.7888601114142957
2024-01-10,2600300.0,0.5693506803798728
2024-01-11,-13448600.0,-2.720352575501343
2024-01-12,198100.0,0.12318965864961347
2024-01-16,-11949300.0,-2.3293349627970312
2024-01-17,-5273400.0,-0.9808127172107611
2024-01-18,874900.0,0.264426970274594
2024-01-19,-984100.0,-0.15164591589639353
2024-01-22,2064200.0,0.5053784678883537
2024-01-23,-1035500.0,-0.15648971800015787
2024-01-24,526900.0,0.1708840802873267
2024-01-25,2906200.0,0.6648807890438095
2024-01-26,-1016900.0,-0.22209559671776166
2024-01-29,2781000.0,0.6687828534843793
2024-01-30,552600.0,0.1598002306543491
2024-01-31,-4158500.0,-0.9111784479157926
2024-02-01,2477100.0,0.628098283228474
2024-02-02,588400.0,0.1858396490135794
2024-02-05,-10232600.0,-2.186400375296212
2024-02-06,7418200.0,1.666398383410964
2024-02-07,2473800.0,0.5782991551051444
2024-02-08,894200.0,0.2349337349041521
2024-02-09,-1447200.0,-0.26272292658270574
2024-02-12,1577700.0,0.38300756886123394
2024-02-13,1572000.0,0.38180807318586213
2024-02-14,-47700.0,0.033802777622208964
2024-02-15,6708700.0,1.4370011617532357
2024-02-16,-1251400.0,-0.2546837621765343
2024-02-20,-1502900.0,-0.2843833287880327
2024-02-21,9316900.0,1.9635132425513142
2024-02-22,-1881500.0,-0.3705534901978903
2024-02-23,7108800.0,1.467116137934539
2024-02-26,-6173000.0,-1.2353333835064044
2024-02-27,1492300.0,0.30101433979964914
2024-02-28,-2259900.0,-0.45001333350805667
2024-02-29,-2288700.0,-0.44145308915832104
2024-03-01,754400.0,0.1906838306385202
2024-03-04,-7687500.0,-1.6407252942906254
2024-03-05,-668800.0,-0.12839291011711146
2024-03-06,1094100.0,0.2617524956947164
2024-03-07,1986500.0,0.4573598103226547
2024-03-08,-53000.0,0.020217267322478208
2024-03-11,-4258300.0,-0.8643939355707938
2024-03-12,4382700.0,1.0057836633327522
2024-03-13,-573000.0,-0.05675740757497262
2024-03-14,-17131000.0,-3.41645075261727
2024-03-15,-4289100.0,-0.7795969015335367
2024-03-18,10818000.0,2.1733452058391527
2024-03-19,1688400.0,0.37487431774238206
2024-03-20,2894900.0,0.624633857626279
2024-03-21,1749600.0,0.39641555683261387
2024-03-22,-9230500.0,-1.694203513883128
2024-03-25,-3296400.0,-0.5468004738805542
2024-03-26,-3367000.0,-0.5457024933834674
2024-03-27,2078400.0,0.48913874422560105
2024-03-28,6738600.0,1.3356980689086113
2024-04-01,-8988400.0,-1.5568700216952296
2024-04-02,-4285100.0,-0.6745166152637523
2024-04-03,3522600.0,0.7897521277941427
2024-04-04,-3950700.0,-0.5877609017967238
2024-04-05,-616100.0,0.01442516956891349
2024-04-08,12502300.0,2.3689456243333096
2024-04-09,2855300.0,0.592701852226832
2024-04-10,-1344400.0,-0.2026406909089751
2024-04-11,408600.0,0.09626223460120602
2024-04-12,-2926500.0,-0.5794603162321417
2024-04-15,-1982200.0,-0.3802702659749672
2024-04-16,-12752200.0,-2.3739628257877365
2024-04-17,-4451500.0,-0.7707674921795733
2024-04-18,-491100.0,-0.02128502572695291
2024-04-19,2732500.0,0.581713575588933
2024-04-22,-4245200.0,-0.7150684035806473
2024-04-23,67500.0,0.09652286511938919
2024-04-24,-8573800.0,-1.4770002845405386
2024-04-25,-7552800.0,-1.2455146353113484
2024-04-26,1111700.0,0.32963965543721824
2024-04-29,-49300.0,0.12410081120314376
2024-04-30,-2554400.0,-0.32833423072797974
2024-05-01,-1814400.0,-0.2235746298819225
2024-05-02,1128700.0,0.36059500742193235
2024-05-03,-504000.0,0.05509608383852929
2024-05-06,2817300.0,0.6901134368031352
2024-05-07,8544200.0,1.7186640277166918
2024-05-08,-5384700.0,-0.8757919877589327
2024-05-09,6249100.0,1.271187480308596
2024-05-10,592400.0,0.22352272141978377
2024-05-13,369200.0,0.2049932369683074
2024-05-14,1466700.0,0.40197052481492856
2024-05-15,719200.0,0.25481112765872654
2024-05-16,-2621500.0,-0.3440737852110114
2024-05-17,6732800.0,1.4100916966782933
2024-05-20,-705200.0,0.023413710252577092
2024-05-21,496000.0,0.2364274997250388
2024-05-22,-6853400.0,-1.1594206089860624
2024-05-23,-6817800.0,-1.1260725220282894
2024-05-24,-372900.0,0.1005131374594735
2024-05-28,448200.0,0.25868377058468495
2024-05-29,-1772400.0,-0.18792150858413922
2024-05-30,1656200.0,0.469470922679964
2024-05-31,8301600.0,1.6927579858871242
2024-06-03,-132000.0,0.10410206704051685
2024-06-04,-304700.0,0.07216288913822311
2024-06-05,-733900.0,-0.020427589267068478
2024-06-06,-21945400.0,-3.5454886044448077
2024-06-07,-744900.0,0.05490738499152235
2024-06-10,-123200.0,0.12030729129393085
2024-06-11,46000.0,0.13839950236885773
2024-06-12,1859500.0,0.5154402771957387
2024-06-13,1512400.0,0.4503715727489544
2024-06-14,2330200.0,0.6078198436308482
2024-06-17,2405200.0,0.6192445478472811
2024-06-18,1492200.0,0.4209966339921492
2024-06-20,-775200.0,-0.025715992968282347
2024-06-21,-1259400.0,-0.126665357909713
2024-06-24,353400.0,0.1926337168563356
2024-06-25,2342300.0,0.6030150308956429
2024-06-26,5724300.0,1.235476823757459
2024-06-27,2390700.0,0.5490783415802167
2024-06-28,-2925700.0,-0.49489920649077557
2024-07-01,-813100.0,-0.0816389264401483
2024-07-02,-334100.0,0.013975811212005328
2024-07-03,1530900.0,0.45331865536614896
2024-07-05,-1341800.0,-0.14745324556088857
2024-07-08,-771800.0,-0.02691356561206285
2024-07-09,5367900.0,1.259094449836262
2024-07-10,-1046900.0,-0.109366381974306
2024-07-11,2927800.0,0.7160368636207685
2024-07-12,-2744700.0,-0.5535262484206995
2024-07-15,-1111000.0,-0.1999946712471922
2024-07-16,-993300.0,-0.1713890719591517
2024-07-17,3346400.0,0.8080385950683304
2024-07-18,6094900.0,1.3775589073584773
2024-07-19,269000.0,0.07165300214794375
2024-07-22,-1180200.0,-0.28964174657474034
2024-07-23,906500.0,0.1647167378755599
2024-07-24,-533400.0,-0.17096735772361962
2024-07-25,896400.0,0.1650755990859505
2024-07-26,-263600.0,-0.12006878252375966
2024-07-29,6088000.0,1.34460260188867
2024-07-30,-39700.0,-0.09218078695501429
2024-07-31,703100.0,0.07786414743719039
2024-08-01,838400.0,0.11778927115232092
2024-08-02,1012300.0,0.1947863564771372
2024-08-05,680400.0,0.09063636941439707
2024-08-06,365900.0,0.0376850093950532
2024-08-07,-1708600.0,-0.4758960915689735
2024-08-08,585200.0,0.10167785402421456
2024-08-09,254800.0,0.02347254478085668
2024-08-12,1624200.0,0.3649535994339015
2024-08-13,-667500.0,-0.22199340849215746
2024-08-14,849400.0,0.19130971244548822
2024-08-15,457600.0,0.08474838190173123
2024-08-16,1179700.0,0.2688949353094667
2024-08-19,634000.0,0.09793147638477509
2024-08-20,306800.0,-0.02173346169397177
2024-08-21,1775600.0,0.37265264721924785
2024-08-22,1525300.0,0.2985985417337719
2024-08-23,-912300.0,-0.37641398125068093
2024-08-26,-3031100.0,-0.932521034739381
2024-08-27,-161900.0,-0.1132155808519929
2024-08-28,-33800.0,-0.07711087285832778
2024-08-29,5676500.0,1.4955356452478683
2024-08-30,760100.0,0.11187938953180333
2024-09-03,-2827400.0,-1.6774292293868032
2024-09-04,-133700.0,-0.39488974735994503
2024-09-05,-4008000.0,-2.1356414466204967
2024-09-06,2011100.0,0.6221891438389978
2024-09-09,1709800.0,0.48511822461520565
2024-09-10,1379800.0,0.33446370532841835
2024-09-11,828800.0,0.09289915896529252
2024-09-12,140300.0,-0.20922395645958716
2024-09-13,1448100.0,0.39937017164797867
2024-09-16,4725000.0,1.8320354564154158
2024-09-17,5731400.0,2.158025007447562
2024-09-18,-1623900.0,-1.0354064245376688
2024-09-19,-478900.0,-0.5195788705479013
2024-09-20,-6252400.0,-2.8454203489448258
2024-09-23,34496700.0,6.704868309815889
2024-09-24,4726800.0,0.7117373848003213
2024-09-25,-33852300.0,-5.1261243110049195
2024-09-26,4957700.0,0.6281996718943932
2024-09-27,-4491100.0,-0.7534249476240725
2024-09-30,1780400.0,0.16384505259369758
2024-10-01,-607700.0,-0.18892154189727847
2024-10-02,2096400.0,0.2189453153915488
2024-10-03,-5186600.0,-0.8447103201525366
2024-10-04,-404900.0,-0.13244087261227175
2024-10-07,206100.0,-0.04972220550767651
2024-10-08,-356200.0,-0.13467596670491927
2024-10-09,-1700800.0,-0.33142796079524245
2024-10-10,-6258400.0,-0.9742035266775708
2024-10-11,25300.0,-0.03792660533070055
2024-10-14,-1464700.0,-0.2534008814045838
2024-10-15,-229600.0,-0.0736002371594461
2024-10-16,-395900.0,-0.09493308428215853
2024-10-17,-301000.0,-0.08150788547487035
2024-10-18,1682800.0,0.20919753616472678
2024-10-21,-6295200.0,-0.945426585226311
2024-10-22,435900.0,0.0539346843750708
2024-10-23,671600.0,0.08690672633823975
2024-10-24,1891000.0,0.2634857218486452
2024-10-25,-7068100.0,-1.0268601607130057
2024-10-28,994800.0,0.14961554125285725
2024-10-29,552700.0,0.08542280305334012
2024-10-30,-725400.0,-0.09840825951365972
2024-10-31,-2376300.0,-0.3374964224374509
2024-11-01,-140000.0,-0.009604901224712551
2024-11-04,-584800.0,-0.0724342942384266
2024-11-05,475100.0,0.08497698538141052
2024-11-06,126100.0,0.03212561902575662
2024-11-07,-371200.0,-0.03747676151863513
2024-11-08,8932100.0,1.2811972696402765
2024-11-11,7450000.0,1.0432571060679512
2024-11-12,-9688100.0,-1.3533916077696044
2024-11-13,9269400.0,1.2672314647267164
2024-11-14,197100.0,0.015877522036561127
2024-11-15,-515400.0,-0.07804552285844424
2024-11-18,2338900.0,0.3093845299739621
2024-11-19,434900.0,0.03804802737228805
2024-11-20,1666500.0,0.20441370188617938
2024-11-21,471400.0,0.037703307528566085
2024-11-22,-992500.0,-0.15039616451139642
2024-11-25,10221100.0,1.3659987782229295
2024-11-26,1560400.0,0.17022890311038852
2024-11-27,-1331800.0,-0.2235012817495952
2024-11-29,1443900.0,0.1448866356037878
2024-12-02,2591200.0,0.3011436693986091
2024-12-03,2399100.0,0.27307172661492296
2024-12-04,3590900.0,0.43107549948634877
2024-12-05,333000.0,-0.014608725936269027
2024-12-06,2285000.0,0.24808104716989088
2024-12-09,2344600.0,0.2541003157829516
2024-12-10,-28300.0,-0.060366212969797904
2024-12-11,1248900.0,0.12597869036311296
2024-12-12,-3374800.0,-0.507437143888715
2024-12-13,-12568800.0,-1.7027470953440669
2024-12-16,20067900.0,2.4940500492497897
2024-12-17,-16796700.0,-2.4282586120315774
2024-12-18,-24816900.0,-3.2206190602325875
2024-12-19,-25946300.0,-3.6564954856248426
2024-12-20,11492500.0,1.7092707528118454
2024-12-23,12978300.0,1.8286152859943023
2024-12-24,-1118300.0,-0.11031077806369091
2024-12-26,-14045700.0,-1.8111383618387953
2024-12-27,-2195000.0,-0.2120840764408701
2024-12-30,169400.0,0.09360268270723028
2024-12-31,-1676800.0,-0.15211633039526418
